code,pref,city,pop_2020,bus_odpt,bus_temp,bus_outside,bus_none,rail_odpt,rail_temp,rail_outside,rail_none,tourism,bus_open,bus_total,bus_share
01101,北海道,札幌市中央区,250176,12,0,3,249,0,0,0,9,4,15,264,5.7
01102,北海道,札幌市北区,289554,0,0,0,271,0,0,0,4,0,0,271,0.0
01103,北海道,札幌市東区,265450,0,0,0,196,0,0,0,3,3,0,196,0.0
01104,北海道,札幌市白石区,212980,0,0,0,170,0,0,0,3,0,0,170,0.0
01105,北海道,札幌市豊平区,223197,0,0,0,157,0,0,0,2,0,0,157,0.0
01106,北海道,札幌市南区,136143,0,0,0,214,0,0,0,1,0,0,214,0.0
01107,北海道,札幌市西区,215258,0,0,0,158,0,0,0,3,0,0,158,0.0
01108,北海道,札幌市厚別区,125949,4,0,0,184,0,0,0,3,0,4,188,2.1
01109,北海道,札幌市手稲区,141486,0,0,0,147,0,0,0,1,0,0,147,0.0
01110,北海道,札幌市清田区,114608,0,0,0,160,0,0,0,0,0,0,160,0.0
01202,北海道,函館市,249794,20,0,0,562,0,0,0,6,4,20,582,3.4
01203,北海道,小樽市,111129,0,0,0,260,0,0,0,1,0,0,260,0.0
01204,北海道,旭川市,329655,10,0,0,734,0,0,0,4,1,10,744,1.3
01205,北海道,室蘭市,81874,0,0,0,180,0,0,0,1,0,0,180,0.0
01206,北海道,釧路市,166270,0,0,15,492,0,0,0,2,3,15,507,3.0
01207,北海道,帯広市,169138,144,0,0,322,0,0,0,1,0,144,466,30.9
01208,北海道,北見市,116312,0,0,0,376,0,0,0,1,0,0,376,0.0
01209,北海道,夕張市,7185,0,0,0,59,0,0,0,1,0,0,59,0.0
01210,北海道,岩見沢市,78591,0,0,0,294,0,0,0,2,0,0,294,0.0
01211,北海道,網走市,37022,0,0,0,185,0,0,0,2,0,0,185,0.0
01212,北海道,留萌市,19968,0,0,0,118,0,0,0,0,0,0,118,0.0
01213,北海道,苫小牧市,170448,0,0,0,316,0,0,0,3,0,0,316,0.0
01214,北海道,稚内市,33212,0,0,0,141,0,0,0,1,0,0,141,0.0
01215,北海道,美唄市,20254,0,0,0,195,0,0,0,1,0,0,195,0.0
01216,北海道,芦別市,12761,0,0,0,64,0,0,0,1,0,0,64,0.0
01217,北海道,江別市,116429,0,0,0,235,0,0,0,1,0,0,235,0.0
01218,北海道,赤平市,9555,0,0,0,36,0,0,0,1,0,0,36,0.0
01219,北海道,紋別市,21249,0,0,0,172,0,0,0,0,1,0,172,0.0
01220,北海道,士別市,18121,0,0,0,193,0,0,0,1,0,0,193,0.0
01221,北海道,名寄市,27361,0,0,0,182,0,0,0,1,0,0,182,0.0
01222,北海道,三笠市,7743,0,0,0,33,0,0,0,0,0,0,33,0.0
01223,北海道,根室市,24461,0,0,123,1,0,0,0,1,0,123,124,99.2
01224,北海道,千歳市,96739,0,0,0,275,0,0,0,2,2,0,275,0.0
01225,北海道,滝川市,38922,0,0,0,104,0,0,0,2,0,0,104,0.0
01226,北海道,砂川市,16210,0,0,0,33,0,0,0,1,0,0,33,0.0
01227,北海道,歌志内市,2884,0,0,0,20,0,0,0,0,0,0,20,0.0
01228,北海道,深川市,20156,0,0,0,141,0,0,0,2,0,0,141,0.0
01229,北海道,富良野市,21596,2,0,0,100,0,0,0,2,0,2,102,2.0
01230,北海道,登別市,47150,0,0,0,95,0,0,0,1,1,0,95,0.0
01231,北海道,恵庭市,69449,0,0,0,91,0,0,0,1,0,0,91,0.0
01233,北海道,伊達市,33520,0,0,0,86,0,0,0,1,0,0,86,0.0
01234,北海道,北広島市,57339,0,0,0,131,0,0,0,1,0,0,131,0.0
01235,北海道,石狩市,55066,0,0,49,83,0,0,0,0,2,49,132,37.1
01236,北海道,北斗市,43973,0,0,0,131,0,0,0,3,0,0,131,0.0
01303,北海道,当別町,15718,0,0,0,62,0,0,0,1,0,0,62,0.0
01304,北海道,新篠津村,3052,0,0,0,5,0,0,0,0,0,0,5,0.0
01331,北海道,松前町,6109,0,0,0,85,0,0,0,0,0,0,85,0.0
01332,北海道,福島町,3742,0,0,0,22,0,0,0,2,0,0,22,0.0
01333,北海道,知内町,4219,0,0,0,35,0,0,0,2,0,0,35,0.0
01334,北海道,木古内町,3856,0,0,0,32,0,0,0,3,0,0,32,0.0
01337,北海道,七飯町,27228,0,0,0,63,0,0,0,2,2,0,63,0.0
01343,北海道,鹿部町,3914,0,0,0,34,0,0,0,1,0,0,34,0.0
01345,北海道,森町,14138,0,0,0,77,0,0,0,1,1,0,77,0.0
01346,北海道,八雲町,15600,0,0,0,44,0,0,0,1,0,0,44,0.0
01347,北海道,長万部町,5182,0,0,0,39,0,0,0,2,0,0,39,0.0
01361,北海道,江差町,7392,0,0,0,43,0,0,0,0,0,0,43,0.0
01362,北海道,上ノ国町,4239,0,0,0,37,0,0,0,0,0,0,37,0.0
01363,北海道,厚沢部町,3618,0,0,0,36,0,0,0,0,0,0,36,0.0
01364,北海道,乙部町,3414,0,0,0,16,0,0,0,0,0,0,16,0.0
01367,北海道,奥尻町,2305,0,0,0,0,0,0,0,0,0,0,0,
01370,北海道,今金町,5082,0,0,0,28,0,0,0,0,0,0,28,0.0
01371,北海道,せたな町,7435,0,0,0,51,0,0,0,0,0,0,51,0.0
01391,北海道,島牧村,1309,0,0,0,32,0,0,0,0,0,0,32,0.0
01392,北海道,寿都町,2766,0,0,0,38,0,0,0,0,0,0,38,0.0
01393,北海道,黒松内町,2805,0,0,0,20,0,0,0,2,0,0,20,0.0
01394,北海道,蘭越町,4352,0,0,0,15,0,0,0,1,0,0,15,0.0
01395,北海道,ニセコ町,4948,0,0,0,41,0,0,0,1,0,0,41,0.0
01396,北海道,真狩村,1923,0,0,0,10,0,0,0,0,0,0,10,0.0
01397,北海道,留寿都村,1757,0,0,0,12,0,0,0,0,0,0,12,0.0
01398,北海道,喜茂別町,2053,0,0,0,21,0,0,0,0,0,0,21,0.0
01399,北海道,京極町,2857,0,0,0,11,0,0,0,0,1,0,11,0.0
01400,北海道,倶知安町,14277,0,0,0,91,0,0,0,1,0,0,91,0.0
01401,北海道,共和町,5736,0,0,13,20,0,0,0,1,0,13,33,39.4
01402,北海道,岩内町,11604,0,0,13,46,0,0,0,0,0,13,59,22.0
01403,北海道,泊村,1640,0,0,21,5,0,0,0,0,0,21,26,80.8
01404,北海道,神恵内村,877,0,0,15,5,0,0,0,0,0,15,20,75.0
01405,北海道,積丹町,1785,0,0,0,34,0,0,0,0,0,0,34,0.0
01406,北海道,古平町,2755,0,0,0,9,0,0,0,0,0,0,9,0.0
01407,北海道,仁木町,3252,0,0,0,10,0,0,0,1,0,0,10,0.0
01408,北海道,余市町,17851,0,0,0,49,0,0,0,1,0,0,49,0.0
01409,北海道,赤井川村,1003,0,0,0,0,0,0,0,0,0,0,0,
01423,北海道,南幌町,7176,0,0,0,54,0,0,0,0,0,0,54,0.0
01424,北海道,奈井江町,5154,0,0,0,21,0,0,0,1,0,0,21,0.0
01425,北海道,上砂川町,2947,0,0,0,10,0,0,0,0,0,0,10,0.0
01427,北海道,由仁町,4767,0,0,0,22,0,0,0,2,0,0,22,0.0
01428,北海道,長沼町,10401,0,0,0,41,0,0,0,0,0,0,41,0.0
01429,北海道,栗山町,11424,0,0,0,46,0,0,0,2,0,0,46,0.0
01430,北海道,月形町,4290,0,0,0,26,0,0,0,0,0,0,26,0.0
01431,北海道,浦臼町,1786,0,0,0,28,0,0,0,0,0,0,28,0.0
01432,北海道,新十津川町,6354,0,0,0,11,0,0,0,0,0,0,11,0.0
01433,北海道,妹背牛町,2708,0,0,0,26,0,0,0,1,0,0,26,0.0
01434,北海道,秩父別町,2227,0,0,0,33,0,0,0,1,0,0,33,0.0
01436,北海道,雨竜町,2439,0,0,0,14,0,0,0,0,0,0,14,0.0
01437,北海道,北竜町,1777,0,0,0,27,0,0,0,0,0,0,27,0.0
01438,北海道,沼田町,2781,0,0,0,4,0,0,0,1,0,0,4,0.0
01452,北海道,鷹栖町,6758,0,0,0,34,0,0,0,0,0,0,34,0.0
01453,北海道,東神楽町,10390,2,0,0,21,0,0,0,0,0,2,23,8.7
01454,北海道,当麻町,6224,1,0,0,24,0,0,0,1,0,1,25,4.0
01455,北海道,比布町,3429,0,0,0,43,0,0,0,1,0,0,43,0.0
01456,北海道,愛別町,2631,1,0,0,29,0,0,0,1,0,1,30,3.3
01457,北海道,上川町,3521,2,0,0,21,0,0,0,1,3,2,23,8.7
01458,北海道,東川町,7988,0,0,0,26,0,0,0,0,0,0,26,0.0
01459,北海道,美瑛町,9580,1,0,0,43,0,0,0,1,1,1,44,2.3
01460,北海道,上富良野町,9991,0,0,0,4,0,0,0,1,1,0,4,0.0
01461,北海道,中富良野町,4664,0,0,0,0,0,0,0,2,0,0,0,
01462,北海道,南富良野町,2331,0,0,0,0,0,0,0,1,0,0,0,
01463,北海道,占冠村,1005,0,0,0,0,0,0,0,1,0,0,0,
01464,北海道,和寒町,3184,0,0,0,15,0,0,0,1,0,0,15,0.0
01465,北海道,剣淵町,2940,0,0,0,12,0,0,0,1,0,0,12,0.0
01468,北海道,下川町,3161,0,0,0,31,0,0,0,0,0,0,31,0.0
01469,北海道,美深町,4132,0,0,0,34,0,0,0,1,0,0,34,0.0
01470,北海道,音威子府村,681,0,0,0,3,0,0,0,1,0,0,3,0.0
01471,北海道,中川町,1567,0,0,0,0,0,0,0,1,2,0,0,
01472,北海道,幌加内町,1316,0,0,0,0,0,0,0,0,0,0,0,
01481,北海道,増毛町,3933,0,0,0,36,0,0,0,0,2,0,36,0.0
01482,北海道,小平町,2959,0,0,0,24,0,0,0,0,0,0,24,0.0
01483,北海道,苫前町,2814,0,0,0,28,0,0,0,0,0,0,28,0.0
01484,北海道,羽幌町,6648,1,0,0,62,0,0,0,0,0,1,63,1.6
01485,北海道,初山別村,1052,0,0,0,15,0,0,0,0,0,0,15,0.0
01486,北海道,遠別町,2507,0,0,0,23,0,0,0,0,0,0,23,0.0
01487,北海道,天塩町,2893,0,0,0,32,0,0,0,1,0,0,32,0.0
01511,北海道,猿払村,2524,0,0,0,27,0,0,0,0,0,0,27,0.0
01512,北海道,浜頓別町,3501,0,0,0,18,0,0,0,0,0,0,18,0.0
01513,北海道,中頓別町,1548,0,0,0,28,0,0,0,0,0,0,28,0.0
01514,北海道,枝幸町,7691,0,0,0,26,0,0,0,0,0,0,26,0.0
01516,北海道,豊富町,3683,0,0,0,16,0,0,0,1,2,0,16,0.0
01517,北海道,礼文町,2413,0,0,0,34,0,0,0,0,1,0,34,0.0
01518,北海道,利尻町,1945,0,0,0,16,0,0,0,0,0,0,16,0.0
01519,北海道,利尻富士町,2420,0,0,0,25,0,0,0,0,1,0,25,0.0
01520,北海道,幌延町,2259,0,0,0,9,0,0,0,1,0,0,9,0.0
01543,北海道,美幌町,18988,0,0,0,75,0,0,0,1,0,0,75,0.0
01544,北海道,津別町,4433,0,0,0,29,0,0,0,0,0,0,29,0.0
01545,北海道,斜里町,11474,0,0,0,95,0,0,0,1,4,0,95,0.0
01546,北海道,清里町,3889,0,0,0,0,0,0,0,1,0,0,0,
01547,北海道,小清水町,4771,0,0,0,26,0,0,0,1,0,0,26,0.0
01549,北海道,訓子府町,4712,0,0,0,19,0,0,0,0,0,0,19,0.0
01550,北海道,置戸町,2768,0,0,0,29,0,0,0,0,0,0,29,0.0
01552,北海道,佐呂間町,4837,0,0,0,0,0,0,0,0,0,0,0,
01555,北海道,遠軽町,19412,0,0,0,163,0,0,0,1,0,0,163,0.0
01559,北海道,湧別町,8422,0,0,0,72,0,0,0,0,0,0,72,0.0
01560,北海道,滝上町,2401,0,0,0,59,0,0,0,1,0,0,59,0.0
01561,北海道,興部町,3543,0,0,0,29,0,0,0,0,0,0,29,0.0
01562,北海道,西興部村,1043,0,0,0,22,0,0,0,0,0,0,22,0.0
01563,北海道,雄武町,4067,0,0,0,26,0,0,0,0,0,0,26,0.0
01564,北海道,大空町,6810,0,0,0,24,0,0,0,1,0,0,24,0.0
01571,北海道,豊浦町,3978,0,0,0,8,0,0,0,1,0,0,8,0.0
01575,北海道,壮瞥町,2685,0,0,0,29,0,0,0,0,2,0,29,0.0
01578,北海道,白老町,15976,0,0,0,92,0,0,0,1,0,0,92,0.0
01581,北海道,厚真町,4685,0,0,0,44,0,0,0,1,0,0,44,0.0
01584,北海道,洞爺湖町,8355,0,0,0,109,0,0,0,1,0,0,109,0.0
01585,北海道,安平町,7519,0,0,0,22,0,0,0,2,0,0,22,0.0
01586,北海道,むかわ町,7582,0,0,0,127,0,0,0,2,0,0,127,0.0
01601,北海道,日高町,11257,0,0,0,45,0,0,0,0,0,0,45,0.0
01602,北海道,平取町,4850,0,0,0,62,0,0,0,0,0,0,62,0.0
01604,北海道,新冠町,5293,0,0,0,15,0,0,0,0,0,0,15,0.0
01607,北海道,浦河町,11719,0,0,0,27,0,0,0,0,0,0,27,0.0
01608,北海道,様似町,3995,0,0,0,0,0,0,0,0,0,0,0,
01609,北海道,えりも町,4443,0,0,0,0,0,0,0,0,0,0,0,
01610,北海道,新ひだか町,21069,0,0,0,87,0,0,0,0,0,0,87,0.0
01631,北海道,音更町,44326,266,0,0,25,0,0,0,0,0,266,291,91.4
01632,北海道,士幌町,5824,66,0,0,0,0,0,0,0,0,66,66,100.0
01633,北海道,上士幌町,4406,33,0,0,20,0,0,0,0,0,33,53,62.3
01634,北海道,鹿追町,5355,44,0,0,0,0,0,0,0,0,44,44,100.0
01635,北海道,新得町,5808,117,0,0,16,0,0,0,2,0,117,133,88.0
01636,北海道,清水町,9162,5,0,0,131,0,0,0,1,0,5,136,3.7
01637,北海道,芽室町,17900,5,0,0,103,0,0,0,1,0,5,108,4.6
01638,北海道,中札内村,3825,0,0,0,58,0,0,0,0,0,0,58,0.0
01639,北海道,更別村,3070,0,0,0,35,0,0,0,0,0,0,35,0.0
01641,北海道,大樹町,5449,0,0,0,16,0,0,0,0,0,0,16,0.0
01642,北海道,広尾町,6374,0,0,0,39,0,0,0,0,0,0,39,0.0
01643,北海道,幕別町,26350,0,0,0,151,0,0,0,1,0,0,151,0.0
01644,北海道,池田町,6223,0,0,0,129,0,0,0,1,0,0,129,0.0
01645,北海道,豊頃町,2866,0,0,0,0,0,0,0,1,0,0,0,
01646,北海道,本別町,6570,0,0,0,146,0,0,0,0,0,0,146,0.0
01647,北海道,足寄町,6354,0,0,0,22,0,0,0,0,0,0,22,0.0
01648,北海道,陸別町,2246,0,0,0,8,0,0,0,0,0,0,8,0.0
01649,北海道,浦幌町,4375,0,0,0,77,0,0,0,1,0,0,77,0.0
01661,北海道,釧路町,18824,0,0,3,97,0,0,0,2,1,3,100,3.0
01662,北海道,厚岸町,8957,0,0,0,50,0,0,0,1,0,0,50,0.0
01663,北海道,浜中町,5570,0,0,0,0,0,0,0,1,2,0,0,
01664,北海道,標茶町,7172,0,0,0,12,0,0,0,1,0,0,12,0.0
01665,北海道,弟子屈町,7117,0,0,0,75,0,0,0,1,4,0,75,0.0
01667,北海道,鶴居村,2421,0,0,0,18,0,0,0,0,1,0,18,0.0
01668,北海道,白糠町,6909,0,0,0,29,0,0,0,1,0,0,29,0.0
01691,北海道,別海町,14554,0,0,9,31,0,0,0,0,0,9,40,22.5
01692,北海道,中標津町,23311,0,0,9,87,0,0,0,0,0,9,96,9.4
01693,北海道,標津町,4853,0,0,0,36,0,0,0,0,0,0,36,0.0
01694,北海道,羅臼町,4824,0,0,0,73,0,0,0,0,1,0,73,0.0
02201,青森県,青森市,273152,613,0,3,102,2,1,0,2,52,616,718,85.8
02202,青森県,弘前市,169672,0,0,37,406,1,0,2,0,46,37,443,8.4
02203,青森県,八戸市,223172,0,0,687,134,1,1,0,1,37,687,821,83.7
02204,青森県,黒石市,32032,0,0,58,63,0,0,1,0,23,58,121,47.9
02205,青森県,五所川原市,51385,0,0,23,127,0,1,0,1,22,23,150,15.3
02206,青森県,十和田市,60555,0,0,217,32,1,0,0,0,27,217,249,87.1
02207,青森県,三沢市,38589,0,0,139,6,0,0,0,1,18,139,145,95.9
02208,青森県,むつ市,55599,0,0,114,64,0,1,0,0,29,114,178,64.0
02209,青森県,つがる市,29677,0,0,10,114,0,1,0,0,16,10,124,8.1
02210,青森県,平川市,30224,0,0,17,107,1,0,1,0,17,17,124,13.7
02301,青森県,平内町,10025,0,0,112,1,0,0,0,1,8,112,113,99.1
02303,青森県,今別町,2332,0,0,0,0,0,1,0,2,5,0,0,
02304,青森県,蓬田村,2669,0,0,0,0,0,1,0,1,3,0,0,
02307,青森県,外ヶ浜町,5327,0,0,0,0,0,1,0,3,13,0,0,
02321,青森県,鰺ヶ沢町,8882,0,0,0,169,0,1,0,0,10,0,169,0.0
02323,青森県,深浦町,7304,0,0,15,36,0,1,0,0,27,15,51,29.4
02343,青森県,西目屋村,1238,0,0,0,7,0,0,0,0,9,0,7,0.0
02361,青森県,藤崎町,14331,0,0,0,15,1,1,0,0,3,0,15,0.0
02362,青森県,大鰐町,8443,0,0,11,5,1,0,1,0,7,11,16,68.8
02367,青森県,田舎館村,7299,0,0,0,27,1,1,1,0,3,0,27,0.0
02381,青森県,板柳町,12565,0,0,3,7,0,1,0,0,3,3,10,30.0
02384,青森県,鶴田町,12501,0,0,7,4,0,1,0,0,7,7,11,63.6
02387,青森県,中泊町,9722,0,0,97,7,0,0,0,1,8,97,104,93.3
02401,青森県,野辺地町,12663,0,0,69,0,0,1,0,1,8,69,69,100.0
02402,青森県,七戸町,14416,0,0,50,3,1,0,0,1,13,50,53,94.3
02405,青森県,六戸町,10236,0,0,37,3,1,0,0,1,5,37,40,92.5
02406,青森県,横浜町,4193,0,0,28,1,0,1,0,0,6,28,29,96.6
02408,青森県,東北町,16789,0,0,64,1,1,0,0,1,11,64,65,98.5
02411,青森県,六ヶ所村,9976,0,0,82,3,0,0,0,0,5,82,85,96.5
02412,青森県,おいらせ町,23975,0,0,48,35,0,0,0,1,15,48,83,57.8
02423,青森県,大間町,4739,0,0,31,0,0,0,0,0,8,31,31,100.0
02424,青森県,東通村,6139,0,0,34,55,0,0,0,0,5,34,89,38.2
02425,青森県,風間浦村,1742,0,0,51,0,0,0,0,0,1,51,51,100.0
02426,青森県,佐井村,1873,0,0,9,9,0,0,0,0,5,9,18,50.0
02441,青森県,三戸町,9069,0,0,1,134,0,0,0,2,9,1,135,0.7
02442,青森県,五戸町,16113,0,0,0,260,0,0,0,0,6,0,260,0.0
02443,青森県,田子町,4980,0,0,0,121,0,0,0,0,3,0,121,0.0
02445,青森県,南部町,16806,0,0,1,213,1,0,0,1,16,1,214,0.5
02446,青森県,階上町,13319,0,0,110,22,0,1,0,0,9,110,132,83.3
02450,青森県,新郷村,2248,0,0,8,6,0,0,0,0,6,8,14,57.1
03201,岩手県,盛岡市,293735,0,0,7,605,3,2,0,1,43,7,612,1.1
03202,岩手県,宮古市,52926,0,0,0,419,0,1,0,2,22,0,419,0.0
03203,岩手県,大船渡市,35289,0,0,0,111,0,0,0,1,14,0,111,0.0
03205,岩手県,花巻市,92969,0,0,141,341,2,1,0,0,41,141,482,29.3
03206,岩手県,北上市,92373,0,0,0,277,2,1,0,0,15,0,277,0.0
03207,岩手県,久慈市,33925,0,0,0,240,0,1,0,1,24,0,240,0.0
03208,岩手県,遠野市,26328,0,0,0,205,0,1,0,0,17,0,205,0.0
03209,岩手県,一関市,114777,0,0,619,351,2,1,0,0,22,619,970,63.8
03210,岩手県,陸前高田市,18443,0,0,0,118,0,0,0,0,19,0,118,0.0
03211,岩手県,釜石市,34374,0,0,0,91,0,1,0,2,16,0,91,0.0
03213,岩手県,二戸市,25504,0,0,0,240,1,0,0,1,14,0,240,0.0
03214,岩手県,八幡平市,23845,0,0,0,317,0,1,0,0,28,0,317,0.0
03215,岩手県,奥州市,113368,0,0,287,175,2,0,0,0,43,287,462,62.1
03216,岩手県,滝沢市,56058,0,0,0,264,2,0,0,1,6,0,264,0.0
03301,岩手県,雫石町,15842,0,0,0,21,1,0,0,0,31,0,21,0.0
03302,岩手県,葛巻町,5615,0,0,0,115,0,0,0,0,4,0,115,0.0
03303,岩手県,岩手町,12380,0,0,0,180,1,0,0,1,9,0,180,0.0
03321,岩手県,紫波町,31591,0,0,0,41,2,0,0,0,14,0,41,0.0
03322,岩手県,矢巾町,27446,0,0,6,59,2,0,0,0,15,6,65,9.2
03366,岩手県,西和賀町,5181,0,0,0,134,0,1,0,0,19,0,134,0.0
03381,岩手県,金ケ崎町,15327,0,0,0,107,1,0,0,0,8,0,107,0.0
03402,岩手県,平泉町,7320,0,0,1,78,1,0,0,0,14,1,79,1.3
03441,岩手県,住田町,5133,0,0,0,97,0,1,0,0,4,0,97,0.0
03461,岩手県,大槌町,10841,0,0,0,82,0,0,0,1,13,0,82,0.0
03482,岩手県,山田町,14474,0,0,0,172,0,0,0,1,13,0,172,0.0
03483,岩手県,岩泉町,8940,0,0,0,295,0,0,0,1,6,0,295,0.0
03484,岩手県,田野畑村,3135,0,0,0,0,0,0,0,1,2,0,0,
03485,岩手県,普代村,2536,0,0,0,0,0,0,0,1,1,0,0,
03501,岩手県,軽米町,8441,0,0,0,185,0,0,0,0,10,0,185,0.0
03503,岩手県,野田村,3872,0,0,0,13,0,0,0,1,1,0,13,0.0
03506,岩手県,九戸村,5289,0,0,0,48,0,0,0,0,3,0,48,0.0
03507,岩手県,洋野町,15254,0,0,0,32,0,1,0,0,15,0,32,0.0
03524,岩手県,一戸町,11663,0,0,0,116,1,0,0,1,7,0,116,0.0
04101,宮城県,仙台市青葉区,310562,437,0,2,39,2,4,0,0,1,439,478,91.8
04102,宮城県,仙台市宮城野区,193762,200,0,0,37,2,3,0,0,0,200,237,84.4
04103,宮城県,仙台市若林区,136968,179,0,0,2,2,3,0,0,0,179,181,98.9
04104,宮城県,仙台市太白区,226688,252,0,14,148,2,2,0,0,0,266,414,64.3
04105,宮城県,仙台市泉区,216640,223,0,0,181,0,1,0,0,0,223,404,55.2
04202,宮城県,石巻市,140825,0,0,0,487,0,3,0,0,0,0,487,0.0
04203,宮城県,塩竈市,51601,0,0,19,132,1,1,0,0,0,19,151,12.6
04205,宮城県,気仙沼市,59609,0,0,0,312,0,1,0,0,0,0,312,0.0
04206,宮城県,白石市,33069,0,0,15,163,2,0,0,0,0,15,178,8.4
04207,宮城県,名取市,79508,1,0,6,220,2,1,0,0,0,7,227,3.1
04208,宮城県,角田市,28672,0,0,0,3,0,0,0,1,0,0,3,0.0
04209,宮城県,多賀城市,60572,1,0,21,43,1,1,0,0,0,22,65,33.8
04211,宮城県,岩沼市,44592,0,0,0,128,2,0,0,0,0,0,128,0.0
04212,宮城県,登米市,77147,0,0,3,564,1,1,0,0,0,3,567,0.5
04213,宮城県,栗原市,64270,0,0,0,247,2,0,0,0,0,0,247,0.0
04214,宮城県,東松島市,38560,0,0,0,2,0,1,0,0,0,0,2,0.0
04215,宮城県,大崎市,130569,0,0,0,317,2,1,0,0,3,0,317,0.0
04216,宮城県,富谷市,54204,0,0,0,172,0,0,0,0,0,0,172,0.0
04301,宮城県,蔵王町,11669,0,0,0,77,1,0,0,0,0,0,77,0.0
04302,宮城県,七ヶ宿町,1244,0,0,0,38,0,0,0,0,0,0,38,0.0
04321,宮城県,大河原町,23711,0,0,0,19,1,0,0,0,0,0,19,0.0
04322,宮城県,村田町,10880,0,0,0,36,0,0,0,0,0,0,36,0.0
04323,宮城県,柴田町,39137,0,0,0,0,1,0,0,1,0,0,0,
04324,宮城県,川崎町,8475,0,0,6,155,0,0,0,0,0,6,161,3.7
04341,宮城県,丸森町,12486,0,0,0,96,0,0,0,1,0,0,96,0.0
04361,宮城県,亘理町,32894,0,0,0,0,1,0,0,0,0,0,0,
04362,宮城県,山元町,11561,0,0,0,0,1,0,0,0,0,0,0,
04401,宮城県,松島町,13549,0,0,0,0,1,1,0,0,3,0,0,
04404,宮城県,七ヶ浜町,17772,0,0,74,1,0,0,0,0,0,74,75,98.7
04406,宮城県,利府町,36354,1,0,0,104,2,1,0,0,0,1,105,1.0
04421,宮城県,大和町,29819,1,0,0,35,0,0,0,0,0,1,36,2.8
04422,宮城県,大郷町,7872,0,0,0,1,1,0,0,0,0,0,1,0.0
04424,宮城県,大衡村,5994,0,0,0,66,0,0,0,0,0,0,66,0.0
04444,宮城県,色麻町,6859,0,0,0,2,0,0,0,0,0,0,2,0.0
04445,宮城県,加美町,21914,0,0,0,25,0,0,0,0,0,0,25,0.0
04501,宮城県,涌谷町,15658,0,0,0,98,0,2,0,0,0,0,98,0.0
04505,宮城県,美里町,23383,0,0,0,145,1,2,0,0,0,0,145,0.0
04581,宮城県,女川町,5747,0,0,0,8,0,1,0,0,0,0,8,0.0
04606,宮城県,南三陸町,11317,0,0,0,122,0,0,0,0,0,0,122,0.0
05201,秋田県,秋田市,305681,360,0,46,485,1,2,0,0,77,406,891,45.6
05202,秋田県,能代市,50062,0,0,0,278,1,1,0,0,54,0,278,0.0
05203,秋田県,横手市,85657,0,0,69,455,1,1,0,0,151,69,524,13.2
05204,秋田県,大館市,69018,0,0,0,425,1,1,0,0,17,0,425,0.0
05206,秋田県,男鹿市,24843,0,0,0,239,0,1,0,0,4,0,239,0.0
05207,秋田県,湯沢市,42371,0,0,0,184,1,0,0,0,21,0,184,0.0
05209,秋田県,鹿角市,29423,0,0,0,347,0,1,0,0,16,0,347,0.0
05210,秋田県,由利本荘市,74398,0,0,287,267,0,1,0,1,61,287,554,51.8
05211,秋田県,潟上市,31433,8,0,0,157,1,1,0,0,8,8,165,4.8
05212,秋田県,大仙市,76951,0,0,0,423,2,0,0,0,53,0,423,0.0
05213,秋田県,北秋田市,30046,0,0,0,223,1,0,0,1,34,0,223,0.0
05214,秋田県,にかほ市,23000,0,0,45,115,0,1,0,0,35,45,160,28.1
05215,秋田県,仙北市,25285,0,0,125,86,1,0,0,1,39,125,211,59.2
05303,秋田県,小坂町,4669,0,0,0,68,0,0,0,0,10,0,68,0.0
05327,秋田県,上小阿仁村,2060,0,0,0,36,0,0,0,0,2,0,36,0.0
05346,秋田県,藤里町,2923,0,0,0,49,0,0,0,0,10,0,49,0.0
05348,秋田県,三種町,15281,0,0,0,7,1,0,0,0,18,0,7,0.0
05349,秋田県,八峰町,6420,0,0,0,1,0,1,0,0,23,0,1,0.0
05361,秋田県,五城目町,8408,0,0,0,12,1,0,0,0,5,0,12,0.0
05363,秋田県,八郎潟町,5542,0,0,0,12,1,0,0,0,1,0,12,0.0
05366,秋田県,井川町,4542,0,0,0,2,1,0,0,0,5,0,2,0.0
05368,秋田県,大潟村,2931,0,0,0,8,0,0,0,0,8,0,8,0.0
05434,秋田県,美郷町,18718,0,0,0,44,1,0,0,0,15,0,44,0.0
05463,秋田県,羽後町,13827,0,0,0,25,0,0,0,0,9,0,25,0.0
05464,秋田県,東成瀬村,2349,0,0,0,21,0,0,0,0,4,0,21,0.0
06201,山形県,山形市,251603,0,0,457,31,1,2,0,0,6,457,488,93.6
06202,山形県,米沢市,81986,0,0,142,53,1,1,0,0,0,142,195,72.8
06203,山形県,鶴岡市,121881,0,0,424,57,0,1,0,0,2,424,481,88.1
06204,山形県,酒田市,100398,1,0,162,4,0,1,0,0,1,163,167,97.6
06205,山形県,新庄市,34696,0,0,138,8,1,2,0,0,0,138,146,94.5
06206,山形県,寒河江市,39799,0,0,81,3,0,1,0,0,0,81,84,96.4
06207,山形県,上山市,29230,0,0,89,45,1,0,0,0,0,89,134,66.4
06208,山形県,村山市,22525,0,0,106,13,1,0,0,0,0,106,119,89.1
06209,山形県,長井市,25857,0,0,12,1,0,1,1,0,0,12,13,92.3
06210,山形県,天童市,61702,0,0,79,9,1,1,0,0,0,79,88,89.8
06211,山形県,東根市,48345,0,0,119,3,1,0,0,0,0,119,122,97.5
06212,山形県,尾花沢市,15062,0,0,207,22,1,0,0,0,1,207,229,90.4
06213,山形県,南陽市,30715,0,0,57,3,1,0,1,0,0,57,60,95.0
06301,山形県,山辺町,13742,0,0,6,1,0,1,0,0,0,6,7,85.7
06302,山形県,中山町,10674,0,0,6,0,0,1,0,0,0,6,6,100.0
06321,山形県,河北町,17862,0,0,90,9,0,0,0,0,0,90,99,90.9
06322,山形県,西川町,4996,0,0,0,0,0,0,0,0,1,0,0,
06323,山形県,朝日町,6425,0,0,19,6,0,0,0,0,0,19,25,76.0
06324,山形県,大江町,7757,0,0,7,2,0,1,0,0,0,7,9,77.8
06341,山形県,大石田町,6545,0,0,12,0,1,0,0,0,0,12,12,100.0
06361,山形県,金山町,5293,0,0,10,2,0,0,0,0,0,10,12,83.3
06362,山形県,最上町,8018,0,0,0,0,0,1,0,0,0,0,0,
06363,山形県,舟形町,5126,0,0,0,0,1,1,0,0,0,0,0,
06364,山形県,真室川町,7160,0,0,9,0,1,0,0,0,0,9,9,100.0
06365,山形県,大蔵村,3060,0,0,36,23,0,0,0,0,0,36,59,61.0
06366,山形県,鮭川村,3797,0,0,53,0,1,0,0,0,0,53,53,100.0
06367,山形県,戸沢村,4251,0,0,5,0,0,1,0,0,0,5,5,100.0
06381,山形県,高畠町,22546,0,0,0,0,1,0,0,0,0,0,0,
06382,山形県,川西町,14228,0,0,1,15,0,1,1,0,0,1,16,6.2
06401,山形県,小国町,6931,0,0,0,0,0,1,0,0,1,0,0,
06402,山形県,白鷹町,13030,0,0,57,3,0,0,1,0,0,57,60,95.0
06403,山形県,飯豊町,6618,0,0,0,0,0,1,0,0,0,0,0,
06426,山形県,三川町,7603,0,0,16,0,0,0,0,0,0,16,16,100.0
06428,山形県,庄内町,20113,0,0,135,8,0,2,0,0,1,135,143,94.4
06461,山形県,遊佐町,12899,0,0,0,0,0,1,0,0,0,0,0,
07201,福島県,福島市,282663,0,0,0,627,3,0,0,2,0,0,627,0.0
07202,福島県,会津若松市,118644,0,0,0,351,0,3,0,0,2,0,351,0.0
07203,福島県,郡山市,324673,0,0,0,502,2,3,0,0,0,0,502,0.0
07204,福島県,いわき市,335429,0,0,647,70,1,1,0,0,0,647,717,90.2
07205,福島県,白河市,59443,0,0,0,263,2,0,0,0,0,0,263,0.0
07207,福島県,須賀川市,74615,0,0,0,255,2,1,0,0,0,0,255,0.0
07208,福島県,喜多方市,46056,0,0,0,106,0,1,0,0,0,0,106,0.0
07209,福島県,相馬市,36854,0,0,0,131,1,0,0,0,0,0,131,0.0
07210,福島県,二本松市,55124,0,0,3,398,2,0,0,0,0,3,401,0.7
07211,福島県,田村市,36229,0,0,0,130,0,1,0,0,0,0,130,0.0
07212,福島県,南相馬市,54257,0,0,8,142,1,0,0,0,1,8,150,5.3
07213,福島県,伊達市,58878,0,0,0,146,1,0,0,1,0,0,146,0.0
07214,福島県,本宮市,29692,0,0,46,49,2,0,0,0,0,46,95,48.4
07301,福島県,桑折町,11533,0,0,0,10,2,0,0,0,0,0,10,0.0
07303,福島県,国見町,8927,0,0,0,6,2,0,0,0,0,0,6,0.0
07308,福島県,川俣町,13391,0,0,0,63,0,0,0,0,0,0,63,0.0
07322,福島県,大玉村,8330,0,0,11,7,1,0,0,0,0,11,18,61.1
07342,福島県,鏡石町,12068,0,0,0,37,1,0,0,0,0,0,37,0.0
07344,福島県,天栄村,5312,0,0,0,73,0,0,0,0,0,0,73,0.0
07362,福島県,下郷町,5298,0,0,0,91,0,1,0,0,1,0,91,0.0
07364,福島県,檜枝岐村,577,0,0,0,17,0,0,0,0,3,0,17,0.0
07367,福島県,只見町,4040,0,0,0,1,0,1,0,0,0,0,1,0.0
07368,福島県,南会津町,15000,0,0,0,137,0,2,0,0,0,0,137,0.0
07402,福島県,北塩原村,2649,0,0,0,35,0,0,0,0,2,0,35,0.0
07405,福島県,西会津町,5951,0,0,0,118,0,1,0,0,3,0,118,0.0
07407,福島県,磐梯町,3340,0,0,0,42,0,1,0,0,2,0,42,0.0
07408,福島県,猪苗代町,14036,0,0,0,69,0,1,0,0,0,0,69,0.0
07421,福島県,会津坂下町,15310,0,0,0,123,0,1,0,0,0,0,123,0.0
07422,福島県,湯川村,3024,0,0,0,11,0,0,0,0,0,0,11,0.0
07423,福島県,柳津町,3223,0,0,6,8,0,1,0,0,0,6,14,42.9
07444,福島県,三島町,1477,0,0,0,0,0,1,0,0,0,0,0,
07445,福島県,金山町,1871,0,0,0,12,0,1,0,0,0,0,12,0.0
07446,福島県,昭和村,1143,0,0,0,41,0,0,0,0,0,0,41,0.0
07447,福島県,会津美里町,19459,0,0,0,38,0,1,0,0,0,0,38,0.0
07461,福島県,西郷村,19748,0,0,0,101,2,0,0,0,0,0,101,0.0
07464,福島県,泉崎村,6206,0,0,0,0,1,0,0,0,0,0,0,
07465,福島県,中島村,4767,0,0,0,2,0,0,0,0,0,0,2,0.0
07466,福島県,矢吹町,16620,0,0,0,3,1,0,0,0,0,0,3,0.0
07481,福島県,棚倉町,13586,0,0,0,45,0,1,0,0,0,0,45,0.0
07482,福島県,矢祭町,5515,0,0,0,69,0,1,0,0,0,0,69,0.0
07483,福島県,塙町,8508,0,0,0,105,0,1,0,0,0,0,105,0.0
07484,福島県,鮫川村,3309,0,0,0,36,0,0,0,0,0,0,36,0.0
07501,福島県,石川町,14920,0,0,0,99,0,1,0,0,0,0,99,0.0
07502,福島県,玉川村,6469,0,0,0,23,0,1,0,0,0,0,23,0.0
07503,福島県,平田村,6125,0,0,0,48,0,0,0,0,0,0,48,0.0
07504,福島県,浅川町,6235,0,0,0,0,0,1,0,0,0,0,0,
07505,福島県,古殿町,4985,0,0,0,69,0,0,0,0,0,0,69,0.0
07521,福島県,三春町,17325,0,0,0,24,0,1,0,0,1,0,24,0.0
07522,福島県,小野町,9852,0,0,12,54,0,1,0,0,0,12,66,18.2
07541,福島県,広野町,4084,0,0,1,0,1,0,0,0,0,1,1,100.0
07542,福島県,楢葉町,928,0,0,27,0,1,0,0,0,0,27,27,100.0
07544,福島県,川内村,1837,0,0,34,4,1,0,0,0,0,34,38,89.5
07561,福島県,新地町,7783,0,0,0,11,1,0,0,0,0,0,11,0.0
08201,茨城県,水戸市,270725,0,0,0,712,1,2,0,0,22,0,712,0.0
08202,茨城県,日立市,176117,0,0,0,465,1,0,0,0,20,0,465,0.0
08203,茨城県,土浦市,137133,0,0,37,353,1,0,0,0,10,37,390,9.5
08204,茨城県,古河市,137673,0,0,0,289,3,0,0,0,8,0,289,0.0
08205,茨城県,石岡市,72362,0,0,0,195,1,0,0,0,10,0,195,0.0
08207,茨城県,結城市,50192,0,0,1,3,0,1,0,0,6,1,4,25.0
08208,茨城県,龍ケ崎市,76005,8,0,155,117,1,1,0,0,4,163,280,58.2
08210,茨城県,下妻市,41385,0,0,0,61,1,0,0,0,16,0,61,0.0
08211,茨城県,常総市,59269,0,0,0,39,1,0,0,0,5,0,39,0.0
08212,茨城県,常陸太田市,48299,0,0,0,435,0,1,0,0,11,0,435,0.0
08214,茨城県,高萩市,27963,0,0,0,82,1,0,0,0,7,0,82,0.0
08215,茨城県,北茨城市,41508,0,0,0,114,1,0,0,0,11,0,114,0.0
08216,茨城県,笠間市,73715,0,0,0,83,1,1,0,0,18,0,83,0.0
08217,茨城県,取手市,102684,35,0,0,245,2,0,0,0,2,35,280,12.5
08219,茨城県,牛久市,85911,0,0,5,223,1,0,0,0,0,5,228,2.2
08220,茨城県,つくば市,236703,6,0,300,324,1,0,0,1,13,306,630,48.6
08221,茨城県,ひたちなか市,153043,0,0,0,466,1,2,0,0,14,0,466,0.0
08222,茨城県,鹿嶋市,68223,0,0,0,144,0,2,0,0,18,0,144,0.0
08223,茨城県,潮来市,27464,0,0,1,87,0,1,0,0,4,1,88,1.1
08224,茨城県,守谷市,66346,6,0,0,120,2,0,0,0,0,6,126,4.8
08225,茨城県,常陸大宮市,39948,0,0,0,196,0,1,0,0,13,0,196,0.0
08226,茨城県,那珂市,53812,0,0,0,67,0,1,0,0,5,0,67,0.0
08227,茨城県,筑西市,99936,0,0,0,22,1,1,0,1,6,0,22,0.0
08228,茨城県,坂東市,51649,0,0,0,196,0,0,0,0,12,0,196,0.0
08229,茨城県,稲敷市,39467,0,0,0,226,0,0,0,0,3,0,226,0.0
08230,茨城県,かすみがうら市,40593,0,0,0,124,1,0,0,0,8,0,124,0.0
08231,茨城県,桜川市,39571,0,0,0,174,0,1,0,0,7,0,174,0.0
08232,茨城県,神栖市,93181,0,0,0,165,0,0,0,0,11,0,165,0.0
08233,茨城県,行方市,32180,0,0,101,74,0,0,0,0,1,101,175,57.7
08234,茨城県,鉾田市,45806,0,0,0,55,0,1,0,0,3,0,55,0.0
08235,茨城県,つくばみらい市,50834,2,0,0,169,2,0,0,0,5,2,171,1.2
08236,茨城県,小美玉市,49179,0,0,0,216,1,0,0,0,1,0,216,0.0
08302,茨城県,茨城町,31401,0,0,0,69,0,0,0,0,4,0,69,0.0
08309,茨城県,大洗町,15430,0,0,0,91,0,1,0,0,11,0,91,0.0
08310,茨城県,城里町,18254,0,0,0,92,0,0,0,0,4,0,92,0.0
08341,茨城県,東海村,37557,0,0,0,45,1,0,0,0,7,0,45,0.0
08364,茨城県,大子町,16097,0,0,0,182,0,1,0,0,14,0,182,0.0
08442,茨城県,美浦村,14522,0,0,0,12,0,0,0,0,0,0,12,0.0
08443,茨城県,阿見町,46766,0,0,3,70,0,0,0,0,4,3,73,4.1
08447,茨城県,河内町,8308,0,0,0,28,0,0,0,0,0,0,28,0.0
08521,茨城県,八千代町,20953,0,0,0,8,0,0,0,0,1,0,8,0.0
08542,茨城県,五霞町,8212,0,0,0,40,1,0,0,0,0,0,40,0.0
08546,茨城県,境町,23256,0,0,0,28,0,0,0,0,0,0,28,0.0
08564,茨城県,利根町,15159,31,0,0,1,0,0,0,0,0,31,32,96.9
09201,栃木県,宇都宮市,522399,0,0,0,848,2,3,0,0,0,0,848,0.0
09202,栃木県,足利市,143267,0,0,206,2,1,1,0,0,0,206,208,99.0
09203,栃木県,栃木市,153422,0,0,0,415,1,2,0,0,2,0,415,0.0
09204,栃木県,佐野市,115532,3,0,0,119,0,2,0,0,0,3,122,2.5
09205,栃木県,鹿沼市,94189,0,0,0,390,1,1,0,0,0,0,390,0.0
09206,栃木県,日光市,76970,3,0,270,208,1,4,0,0,12,273,481,56.8
09208,栃木県,小山市,167536,0,0,0,251,2,2,0,0,0,0,251,0.0
09209,栃木県,真岡市,76597,0,0,0,92,0,0,0,1,0,0,92,0.0
09210,栃木県,大田原市,72674,0,0,235,38,1,0,0,0,0,235,273,86.1
09211,栃木県,矢板市,31369,0,0,0,0,2,0,0,0,0,0,0,
09213,栃木県,那須塩原市,115416,0,0,183,63,2,0,0,0,0,183,246,74.4
09214,栃木県,さくら市,44722,0,0,0,39,1,0,0,0,0,0,39,0.0
09215,栃木県,那須烏山市,24898,0,0,0,26,0,1,0,0,0,0,26,0.0
09216,栃木県,下野市,58874,0,0,0,27,2,0,0,0,0,0,27,0.0
09301,栃木県,上三川町,30313,0,0,0,34,0,0,0,0,0,0,34,0.0
09342,栃木県,益子町,22146,0,0,0,27,0,0,0,1,0,0,27,0.0
09343,栃木県,茂木町,11600,0,0,0,6,0,0,0,1,0,0,6,0.0
09344,栃木県,市貝町,11230,0,0,0,15,0,0,0,1,0,0,15,0.0
09345,栃木県,芳賀町,14256,0,0,0,35,0,1,0,0,0,0,35,0.0
09361,栃木県,壬生町,39919,0,0,2,10,0,1,0,0,0,2,12,16.7
09364,栃木県,野木町,24670,0,0,0,2,1,0,0,0,0,0,2,0.0
09384,栃木県,塩谷町,10432,0,0,0,22,0,0,0,0,0,0,22,0.0
09386,栃木県,高根沢町,28754,0,0,0,0,1,1,0,0,0,0,0,
09407,栃木県,那須町,23575,0,0,63,84,2,0,0,0,1,63,147,42.9
09411,栃木県,那珂川町,15475,0,0,0,59,0,0,0,0,0,0,59,0.0
10201,群馬県,前橋市,330610,626,0,0,111,0,3,0,0,3,626,737,84.9
10202,群馬県,高崎市,368628,1161,0,0,23,3,4,0,0,6,1161,1184,98.1
10203,群馬県,桐生市,107032,0,0,0,183,0,4,0,0,5,0,183,0.0
10204,群馬県,伊勢崎市,208691,62,0,0,242,1,1,0,0,2,62,304,20.4
10205,群馬県,太田市,220650,3,0,123,29,1,2,0,0,3,126,155,81.3
10206,群馬県,沼田市,45815,249,0,0,30,0,1,0,0,0,249,279,89.2
10207,群馬県,館林市,73950,1,0,0,190,1,2,0,0,2,1,191,0.5
10208,群馬県,渋川市,73357,286,0,0,125,1,2,0,0,1,286,411,69.6
10209,群馬県,藤岡市,63080,94,0,0,128,2,1,0,0,5,94,222,42.3
10210,群馬県,富岡市,47370,0,0,0,1,0,1,0,0,2,0,1,0.0
10211,群馬県,安中市,55794,20,0,95,91,1,1,0,0,1,115,206,55.8
10212,群馬県,みどり市,49395,33,0,0,13,0,4,0,0,1,33,46,71.7
10344,群馬県,榛東村,14146,59,0,0,1,0,0,0,0,0,59,60,98.3
10345,群馬県,吉岡町,22167,46,0,0,10,0,1,0,0,1,46,56,82.1
10366,群馬県,上野村,1040,21,0,0,0,0,0,0,0,0,21,21,100.0
10367,群馬県,神流町,1628,37,0,0,0,0,0,0,0,0,37,37,100.0
10382,群馬県,下仁田町,6434,0,0,0,22,0,1,0,0,2,0,22,0.0
10383,群馬県,南牧村,1590,0,0,0,78,0,0,0,0,1,0,78,0.0
10384,群馬県,甘楽町,12608,0,0,0,0,0,1,0,0,1,0,0,
10421,群馬県,中之条町,15504,64,0,0,43,0,1,0,0,2,64,107,59.8
10424,群馬県,長野原町,5029,1,0,49,8,0,1,0,0,0,50,58,86.2
10425,群馬県,嬬恋村,9295,29,0,5,5,0,1,0,0,1,34,39,87.2
10426,群馬県,草津町,5940,18,0,0,60,0,0,0,0,0,18,78,23.1
10428,群馬県,高山村,3493,8,0,0,13,1,0,0,0,0,8,21,38.1
10429,群馬県,東吾妻町,12542,92,0,0,34,0,1,0,0,1,92,126,73.0
10443,群馬県,片品村,3886,43,0,0,4,0,0,0,0,3,43,47,91.5
10444,群馬県,川場村,3456,29,0,0,0,0,0,0,0,1,29,29,100.0
10448,群馬県,昭和村,7038,61,0,0,0,0,0,0,0,0,61,61,100.0
10449,群馬県,みなかみ町,17400,114,0,0,0,1,1,0,0,1,114,114,100.0
10464,群馬県,玉村町,35438,106,0,0,4,0,0,0,0,1,106,110,96.4
10521,群馬県,板倉町,14270,0,0,0,66,1,0,0,0,2,0,66,0.0
10522,群馬県,明和町,10770,0,0,0,10,1,0,0,0,0,0,10,0.0
10523,群馬県,千代田町,11038,0,0,18,22,0,0,0,0,0,18,40,45.0
10524,群馬県,大泉町,41587,1,0,9,7,0,1,0,0,1,10,17,58.8
10525,群馬県,邑楽町,25597,1,0,0,23,1,1,0,0,1,1,24,4.2
11101,埼玉県,さいたま市西区,88578,53,0,40,25,0,1,0,0,2,93,118,78.8
11102,埼玉県,さいたま市北区,147382,0,0,58,68,5,2,0,0,7,58,126,46.0
11103,埼玉県,さいたま市大宮区,115903,47,42,3,33,5,2,0,0,8,92,125,73.6
11104,埼玉県,さいたま市見沼区,164862,0,148,5,22,2,0,0,0,1,153,175,87.4
11105,埼玉県,さいたま市中央区,101718,51,11,0,5,2,0,0,0,5,62,67,92.5
11106,埼玉県,さいたま市桜区,100944,33,67,0,0,3,0,0,0,2,100,100,100.0
11107,埼玉県,さいたま市浦和区,158778,7,58,0,20,2,0,0,0,4,65,85,76.5
11108,埼玉県,さいたま市南区,186452,0,108,2,1,3,0,0,0,1,110,111,99.1
11109,埼玉県,さいたま市緑区,119730,0,106,0,9,2,0,0,0,3,106,115,92.2
11110,埼玉県,さいたま市岩槻区,111013,0,53,59,34,1,0,0,0,7,112,146,76.7
11201,埼玉県,川越市,355921,116,0,0,278,2,1,0,0,4,116,394,29.4
11202,埼玉県,熊谷市,192900,0,0,228,141,2,1,0,0,43,228,369,61.8
11203,埼玉県,川口市,589253,3,668,0,13,3,0,0,0,17,671,684,98.1
11206,埼玉県,行田市,77978,0,0,2,180,1,1,0,0,43,2,182,1.1
11207,埼玉県,秩父市,59734,186,0,0,12,1,1,0,0,24,186,198,93.9
11208,埼玉県,所沢市,338016,265,0,0,68,4,2,0,0,25,265,333,79.6
11209,埼玉県,飯能市,77674,49,123,44,15,2,1,0,0,18,216,231,93.5
11210,埼玉県,加須市,108423,0,0,0,95,3,0,0,0,40,0,95,0.0
11211,埼玉県,本庄市,76120,12,0,0,46,2,1,0,0,17,12,58,20.7
11212,埼玉県,東松山市,91327,0,0,1,110,1,0,0,0,8,1,111,0.9
11214,埼玉県,春日部市,226219,0,0,2,268,2,0,0,0,16,2,270,0.7
11215,埼玉県,狭山市,148660,212,0,0,5,2,0,0,0,0,212,217,97.7
11216,埼玉県,羽生市,53085,0,0,0,119,1,1,0,0,21,0,119,0.0
11217,埼玉県,鴻巣市,115731,0,0,0,251,2,0,0,0,21,0,251,0.0
11218,埼玉県,深谷市,141685,0,0,0,121,2,2,0,0,23,0,121,0.0
11219,埼玉県,上尾市,224432,0,0,1,448,2,1,0,0,6,1,449,0.2
11221,埼玉県,草加市,247119,0,55,0,200,1,0,0,0,12,55,255,21.6
11222,埼玉県,越谷市,344720,0,32,0,274,2,0,0,0,17,32,306,10.5
11223,埼玉県,蕨市,72680,0,107,0,0,1,0,0,0,3,107,107,100.0
11224,埼玉県,戸田市,143687,0,154,0,20,2,0,0,0,5,154,174,88.5
11225,埼玉県,入間市,145460,117,1,1,95,1,1,0,0,6,119,214,55.6
11227,埼玉県,朝霞市,140353,44,61,0,61,2,0,0,0,3,105,166,63.3
11228,埼玉県,志木市,74512,6,59,0,5,1,0,0,0,3,65,70,92.9
11229,埼玉県,和光市,81076,49,2,40,32,2,0,0,0,4,91,123,74.0
11230,埼玉県,新座市,164229,134,1,0,35,1,0,0,0,17,135,170,79.4
11231,埼玉県,桶川市,72560,0,0,0,208,1,0,0,0,9,0,208,0.0
11232,埼玉県,久喜市,148961,0,0,0,300,4,0,0,0,27,0,300,0.0
11233,埼玉県,北本市,65228,0,0,0,113,1,0,0,0,28,0,113,0.0
11234,埼玉県,八潮市,89342,1,0,0,137,1,0,0,0,3,1,138,0.7
11235,埼玉県,富士見市,108436,11,1,0,122,1,0,0,0,6,12,134,9.0
11237,埼玉県,三郷市,139346,4,0,0,290,2,0,0,0,4,4,294,1.4
11238,埼玉県,蓮田市,61063,0,11,0,83,1,0,0,0,2,11,94,11.7
11239,埼玉県,坂戸市,100456,0,0,0,161,1,1,0,0,3,0,161,0.0
11240,埼玉県,幸手市,50451,0,0,0,140,1,0,0,0,5,0,140,0.0
11241,埼玉県,鶴ヶ島市,69747,0,0,0,132,1,1,0,0,5,0,132,0.0
11242,埼玉県,日高市,55170,1,28,1,27,1,2,0,0,3,30,57,52.6
11243,埼玉県,吉川市,73302,0,0,0,198,1,0,0,0,3,0,198,0.0
11245,埼玉県,ふじみ野市,114247,61,0,0,84,1,0,0,0,8,61,145,42.1
11246,埼玉県,白岡市,52251,0,0,0,37,2,0,0,0,2,0,37,0.0
11301,埼玉県,伊奈町,45757,0,0,0,123,2,1,0,0,0,0,123,0.0
11324,埼玉県,三芳町,37947,16,0,0,63,0,0,0,0,7,16,79,20.3
11326,埼玉県,毛呂山町,35249,0,12,0,62,0,2,0,0,21,12,74,16.2
11327,埼玉県,越生町,10854,0,0,0,34,0,2,0,0,21,0,34,0.0
11341,埼玉県,滑川町,18929,0,0,0,9,1,0,0,0,0,0,9,0.0
11342,埼玉県,嵐山町,17585,0,0,0,16,1,0,0,0,7,0,16,0.0
11343,埼玉県,小川町,29166,0,0,0,61,1,1,0,0,9,0,61,0.0
11346,埼玉県,川島町,19428,0,0,0,28,0,0,0,0,1,0,28,0.0
11347,埼玉県,吉見町,18117,0,0,0,21,0,0,0,0,7,0,21,0.0
11348,埼玉県,鳩山町,13376,0,0,0,27,0,0,0,0,21,0,27,0.0
11349,埼玉県,ときがわ町,10525,0,0,0,58,0,1,0,0,20,0,58,0.0
11361,埼玉県,横瀬町,7905,20,0,0,0,1,0,0,0,1,20,20,100.0
11362,埼玉県,皆野町,9275,17,0,0,0,0,1,0,0,2,17,17,100.0
11363,埼玉県,長瀞町,6751,0,0,0,0,0,1,0,0,5,0,0,
11365,埼玉県,小鹿野町,10848,50,0,0,0,0,0,0,0,18,50,50,100.0
11369,埼玉県,東秩父村,2602,0,0,0,33,0,0,0,0,4,0,33,0.0
11381,埼玉県,美里町,10678,0,0,0,12,0,1,0,0,1,0,12,0.0
11383,埼玉県,神川町,12755,3,0,0,20,0,1,0,0,6,3,23,13.0
11385,埼玉県,上里町,29865,0,0,0,93,2,0,0,0,2,0,93,0.0
11408,埼玉県,寄居町,32205,0,0,0,22,1,2,0,0,42,0,22,0.0
11442,埼玉県,宮代町,33334,0,0,0,38,2,0,0,0,9,0,38,0.0
11464,埼玉県,杉戸町,43897,0,0,0,92,2,0,0,0,6,0,92,0.0
11465,埼玉県,松伏町,28870,0,0,0,73,0,0,0,0,0,0,73,0.0
12101,千葉県,千葉市中央区,209366,0,0,0,370,2,5,0,1,1,0,370,0.0
12102,千葉県,千葉市花見川区,179112,0,0,2,196,1,1,0,0,0,2,198,1.0
12103,千葉県,千葉市稲毛区,164105,0,0,1,156,1,2,0,0,1,1,157,0.6
12104,千葉県,千葉市若葉区,150932,0,0,0,343,1,1,0,0,2,0,343,0.0
12105,千葉県,千葉市緑区,132066,0,0,0,186,0,1,0,1,0,0,186,0.0
12106,千葉県,千葉市美浜区,146584,0,0,0,351,1,0,0,0,0,0,351,0.0
12202,千葉県,銚子市,57911,0,0,0,163,1,2,0,0,3,0,163,0.0
12203,千葉県,市川市,485852,119,0,0,226,8,0,0,0,3,119,345,34.5
12204,千葉県,船橋市,631585,1,0,0,430,8,1,0,0,2,1,431,0.2
12205,千葉県,館山市,45332,0,0,0,179,0,1,0,0,4,0,179,0.0
12206,千葉県,木更津市,137247,2,0,90,169,0,2,0,0,3,92,261,35.2
12207,千葉県,松戸市,482556,0,0,25,285,5,2,0,0,1,25,310,8.1
12208,千葉県,野田市,150405,0,0,0,340,1,0,0,0,2,0,340,0.0
12210,千葉県,茂原市,85876,0,0,0,177,0,1,0,0,0,0,177,0.0
12211,千葉県,成田市,132899,10,0,280,201,3,2,0,0,4,290,491,59.1
12212,千葉県,佐倉市,171594,0,0,14,390,2,1,0,1,0,14,404,3.5
12213,千葉県,東金市,58932,0,0,0,208,0,1,0,0,0,0,208,0.0
12215,千葉県,旭市,63579,0,0,0,202,1,0,0,0,3,0,202,0.0
12216,千葉県,習志野市,174291,0,0,0,188,3,2,0,0,0,0,188,0.0
12217,千葉県,柏市,421623,4,0,14,391,3,0,0,0,1,18,409,4.4
12218,千葉県,勝浦市,17373,0,0,0,98,0,1,0,0,1,0,98,0.0
12219,千葉県,市原市,266371,0,0,0,498,0,2,0,1,0,0,498,0.0
12220,千葉県,流山市,185801,7,0,114,101,3,1,0,0,0,121,222,54.5
12221,千葉県,八千代市,194237,0,0,0,208,2,0,0,0,1,0,208,0.0
12222,千葉県,我孫子市,130473,5,0,0,185,1,1,0,0,0,5,190,2.6
12223,千葉県,鴨川市,32126,0,0,15,216,0,2,0,0,5,15,231,6.5
12224,千葉県,鎌ケ谷市,109138,0,0,0,127,3,1,0,0,0,0,127,0.0
12225,千葉県,君津市,82210,0,0,196,3,0,2,0,0,1,196,199,98.5
12226,千葉県,富津市,42764,0,0,52,85,0,1,0,0,1,52,137,38.0
12227,千葉県,浦安市,167146,18,0,0,242,2,1,0,0,0,18,260,6.9
12228,千葉県,四街道市,90249,0,0,43,176,1,0,0,0,0,43,219,19.6
12229,千葉県,袖ケ浦市,61081,2,0,0,114,0,2,0,0,2,2,116,1.7
12230,千葉県,八街市,67318,0,0,0,197,1,0,0,0,0,0,197,0.0
12231,千葉県,印西市,95578,0,0,68,299,2,1,0,0,0,68,367,18.5
12232,千葉県,白井市,62287,0,0,0,157,2,0,0,0,0,0,157,0.0
12233,千葉県,富里市,47813,0,0,1,84,1,1,0,0,0,1,85,1.2
12234,千葉県,南房総市,35937,0,0,0,249,0,1,0,0,10,0,249,0.0
12235,千葉県,匝瑳市,34614,0,0,0,230,1,0,0,0,3,0,230,0.0
12236,千葉県,香取市,71793,0,0,105,249,0,2,0,0,2,105,354,29.7
12237,千葉県,山武市,48174,0,0,0,158,1,1,0,0,2,0,158,0.0
12238,千葉県,いすみ市,36118,0,0,0,91,0,2,0,0,4,0,91,0.0
12239,千葉県,大網白里市,47729,0,0,0,159,0,2,0,0,0,0,159,0.0
12322,千葉県,酒々井町,20500,0,0,1,23,2,1,0,0,0,1,24,4.2
12329,千葉県,栄町,19808,0,0,0,79,0,1,0,0,0,0,79,0.0
12342,千葉県,神崎町,5760,0,0,0,0,0,1,0,0,0,0,0,
12347,千葉県,多古町,13423,0,0,2,90,0,0,0,0,0,2,92,2.2
12349,千葉県,東庄町,13039,0,0,0,1,0,1,0,0,0,0,1,0.0
12403,千葉県,九十九里町,14918,0,0,0,67,0,0,0,0,1,0,67,0.0
12409,千葉県,芝山町,6854,0,0,0,51,1,0,0,0,1,0,51,0.0
12410,千葉県,横芝光町,22446,0,0,0,59,1,0,0,0,2,0,59,0.0
12421,千葉県,一宮町,11692,0,0,0,14,0,1,0,0,2,0,14,0.0
12422,千葉県,睦沢町,6860,0,0,0,30,0,0,0,0,0,0,30,0.0
12423,千葉県,長生村,13949,0,0,0,16,0,1,0,0,0,0,16,0.0
12424,千葉県,白子町,10147,0,0,0,41,0,0,0,0,0,0,41,0.0
12426,千葉県,長柄町,6774,0,0,0,31,0,0,0,0,0,0,31,0.0
12427,千葉県,長南町,7402,0,0,0,104,0,0,0,0,0,0,104,0.0
12441,千葉県,大多喜町,8944,0,0,0,66,0,2,0,0,0,0,66,0.0
12443,千葉県,御宿町,6828,0,0,0,9,0,1,0,0,1,0,9,0.0
12463,千葉県,鋸南町,7130,0,0,0,61,0,1,0,0,1,0,61,0.0
13101,東京都,千代田区,65030,129,0,0,5,19,0,0,0,8,129,134,96.3
13102,東京都,中央区,155853,152,0,0,9,16,0,0,0,6,152,161,94.4
13103,東京都,港区,269940,232,0,0,65,16,0,0,0,2,232,297,78.1
13104,東京都,新宿区,340154,190,0,0,4,13,0,0,0,2,190,194,97.9
13105,東京都,文京区,230850,158,0,0,1,6,0,0,0,0,158,159,99.4
13106,東京都,台東区,207122,190,0,0,4,13,0,0,0,10,190,194,97.9
13107,東京都,墨田区,261467,121,0,0,48,7,1,0,0,1,121,169,71.6
13108,東京都,江東区,525811,250,0,0,8,9,1,0,0,0,250,258,96.9
13109,東京都,品川区,404244,145,0,0,25,13,0,0,0,0,145,170,85.3
13110,東京都,目黒区,286092,100,0,0,7,6,0,0,0,0,100,107,93.5
13111,東京都,大田区,734641,170,0,0,127,10,1,0,0,0,170,297,57.2
13112,東京都,世田谷区,913954,517,0,0,13,7,1,0,0,0,517,530,97.5
13113,東京都,渋谷区,230370,223,0,0,40,13,0,0,0,6,223,263,84.8
13114,東京都,中野区,328881,176,0,0,4,6,0,0,0,0,176,180,97.8
13115,東京都,杉並区,573283,349,0,0,8,5,0,0,0,0,349,357,97.8
13116,東京都,豊島区,291637,89,23,0,5,10,0,0,1,0,112,117,95.7
13117,東京都,北区,343622,121,35,0,1,7,0,0,1,0,156,157,99.4
13118,東京都,荒川区,218307,69,0,15,4,8,0,0,0,0,84,88,95.5
13119,東京都,板橋区,582467,35,188,3,4,5,0,0,1,0,226,230,98.3
13120,東京都,練馬区,749183,421,64,1,17,8,0,0,0,0,486,503,96.6
13121,東京都,足立区,657810,246,66,7,320,7,1,0,0,0,319,639,49.9
13122,東京都,葛飾区,439030,61,0,5,321,6,1,0,0,1,66,387,17.1
13123,東京都,江戸川区,676941,255,0,0,118,5,0,0,0,0,255,373,68.4
13201,東京都,八王子市,571436,850,0,0,25,6,1,0,1,0,850,875,97.1
13202,東京都,立川市,177268,163,0,0,88,5,0,0,0,0,163,251,64.9
13203,東京都,武蔵野市,144440,276,0,0,3,2,1,0,0,0,276,279,98.9
13204,東京都,三鷹市,191106,262,0,0,3,1,0,0,0,1,262,265,98.9
13205,東京都,青梅市,134111,254,2,0,2,1,0,0,1,0,256,258,99.2
13206,東京都,府中市,263721,263,0,0,29,4,1,0,0,0,263,292,90.1
13207,東京都,昭島市,109961,33,0,114,48,2,2,0,0,0,147,195,75.4
13208,東京都,調布市,235760,304,0,0,2,2,0,0,0,0,304,306,99.3
13209,東京都,町田市,433168,265,0,0,278,4,0,0,0,0,265,543,48.8
13210,東京都,小金井市,123523,209,0,0,3,1,1,0,0,0,209,212,98.6
13211,東京都,小平市,191435,203,0,0,83,3,2,0,0,0,203,286,71.0
13212,東京都,日野市,190462,276,0,0,17,4,0,0,0,0,276,293,94.2
13213,東京都,東村山市,145765,109,0,0,12,3,4,0,0,0,109,121,90.1
13214,東京都,国分寺市,124292,132,0,0,30,2,2,0,0,0,132,162,81.5
13215,東京都,国立市,74259,89,0,0,19,2,0,0,0,0,89,108,82.4
13218,東京都,福生市,54729,19,0,1,23,2,2,0,0,0,20,43,46.5
13219,東京都,狛江市,81262,82,0,0,0,1,0,0,0,0,82,82,100.0
13220,東京都,東大和市,86187,104,0,0,16,2,0,0,0,0,104,120,86.7
13221,東京都,清瀬市,75064,79,0,0,2,2,0,0,0,0,79,81,97.5
13222,東京都,東久留米市,115764,72,0,0,4,1,0,0,0,0,72,76,94.7
13223,東京都,武蔵村山市,71079,44,0,0,77,0,0,0,0,0,44,121,36.4
13224,東京都,多摩市,144909,293,0,0,7,4,0,0,0,0,293,300,97.7
13225,東京都,稲城市,89628,184,0,0,15,2,0,0,0,0,184,199,92.5
13227,東京都,羽村市,53997,102,0,1,20,1,0,0,0,0,103,123,83.7
13228,東京都,あきる野市,79819,157,0,0,1,0,1,0,0,0,157,158,99.4
13229,東京都,西東京市,202279,190,0,0,1,2,0,0,0,0,190,191,99.5
13303,東京都,瑞穂町,32864,35,0,4,12,0,1,0,0,0,39,51,76.5
13305,東京都,日の出町,17028,72,0,0,1,0,0,0,0,0,72,73,98.6
13307,東京都,檜原村,1914,59,0,0,31,0,0,0,0,0,59,90,65.6
13308,東京都,奥多摩町,4489,88,0,0,1,1,0,0,0,0,88,89,98.9
13361,東京都,大島町,7266,55,0,0,6,0,0,0,0,1,55,61,90.2
13362,東京都,利島村,306,0,0,0,0,0,0,0,0,0,0,0,
13363,東京都,新島村,2560,0,0,0,0,0,0,0,0,0,0,0,
13364,東京都,神津島村,1756,0,0,0,0,0,0,0,0,0,0,0,
13381,東京都,三宅村,2257,60,0,0,1,0,0,0,0,0,60,61,98.4
13382,東京都,御蔵島村,353,0,0,0,0,0,0,0,0,1,0,0,
13401,東京都,八丈町,6969,0,0,0,57,0,0,0,0,0,0,57,0.0
13402,東京都,青ヶ島村,156,0,0,0,0,0,0,0,0,0,0,0,
13421,東京都,小笠原村,2920,0,0,0,0,0,0,0,0,4,0,0,
14101,神奈川県,横浜市鶴見区,295599,279,0,0,4,4,1,0,0,0,279,283,98.6
14102,神奈川県,横浜市神奈川区,244821,196,0,0,4,9,0,0,1,0,196,200,98.0
14103,神奈川県,横浜市西区,101132,97,0,0,4,6,0,0,1,0,97,101,96.0
14104,神奈川県,横浜市中区,150066,228,0,0,12,4,0,0,1,1,228,240,95.0
14105,神奈川県,横浜市南区,191583,93,0,0,39,2,0,0,0,0,93,132,70.5
14106,神奈川県,横浜市保土ケ谷区,203652,274,0,0,4,4,0,0,0,0,274,278,98.6
14107,神奈川県,横浜市磯子区,167348,197,0,0,42,2,1,0,0,0,197,239,82.4
14108,神奈川県,横浜市金沢区,195076,72,0,1,175,2,1,0,0,0,73,248,29.4
14109,神奈川県,横浜市港北区,357130,237,0,0,3,7,0,0,1,0,237,240,98.8
14110,神奈川県,横浜市戸塚区,274144,23,0,0,202,2,0,0,0,0,23,225,10.2
14111,神奈川県,横浜市港南区,208962,109,0,0,84,3,0,0,0,0,109,193,56.5
14112,神奈川県,横浜市旭区,242249,176,0,0,30,3,0,0,0,0,176,206,85.4
14113,神奈川県,横浜市緑区,183536,219,0,0,43,3,1,0,0,0,219,262,83.6
14114,神奈川県,横浜市瀬谷区,121929,28,0,0,73,1,0,0,0,0,28,101,27.7
14115,神奈川県,横浜市栄区,118717,1,0,0,133,2,0,0,1,0,1,134,0.7
14116,神奈川県,横浜市泉区,152058,14,0,0,96,2,0,0,0,0,14,110,12.7
14117,神奈川県,横浜市青葉区,312667,332,0,0,22,1,1,0,1,0,332,354,93.8
14118,神奈川県,横浜市都筑区,215914,199,0,0,2,1,0,0,1,0,199,201,99.0
14131,神奈川県,川崎市川崎区,229178,262,0,0,2,5,2,0,0,0,262,264,99.2
14132,神奈川県,川崎市幸区,165991,151,0,0,1,2,0,0,0,0,151,152,99.3
14133,神奈川県,川崎市中原区,258484,155,0,0,0,4,0,0,0,0,155,155,100.0
14134,神奈川県,川崎市高津区,238139,125,0,0,0,2,0,0,0,0,125,125,100.0
14135,神奈川県,川崎市多摩区,216213,154,0,0,16,3,0,0,0,0,154,170,90.6
14136,神奈川県,川崎市宮前区,229942,191,0,0,1,1,0,0,0,0,191,192,99.5
14137,神奈川県,川崎市麻生区,180103,203,0,0,17,3,0,0,0,0,203,220,92.3
14151,神奈川県,相模原市緑区,172969,15,0,0,409,3,1,0,0,0,15,424,3.5
14152,神奈川県,相模原市中央区,270332,0,0,0,206,1,1,0,0,0,0,206,0.0
14153,神奈川県,相模原市南区,275954,0,0,0,149,3,1,0,0,0,0,149,0.0
14201,神奈川県,横須賀市,391032,0,0,9,323,2,0,0,1,0,9,332,2.7
14203,神奈川県,平塚市,254083,0,0,0,365,2,0,0,0,0,0,365,0.0
14204,神奈川県,鎌倉市,170568,0,0,0,277,2,2,0,1,8,0,277,0.0
14205,神奈川県,藤沢市,432423,1,0,4,440,4,2,0,0,0,5,445,1.1
14206,神奈川県,小田原市,188059,130,0,0,262,4,2,0,0,0,130,392,33.2
14207,神奈川県,茅ヶ崎市,241486,0,0,164,107,1,1,0,0,0,164,271,60.5
14208,神奈川県,逗子市,55734,0,0,0,67,1,0,0,1,0,0,67,0.0
14210,神奈川県,三浦市,41858,0,0,0,76,1,0,0,0,0,0,76,0.0
14211,神奈川県,秦野市,163519,0,0,0,283,1,0,0,0,0,0,283,0.0
14212,神奈川県,厚木市,224946,0,0,0,281,1,0,0,0,0,0,281,0.0
14213,神奈川県,大和市,235134,59,0,0,224,4,0,0,0,0,59,283,20.8
14214,神奈川県,伊勢原市,101339,0,0,0,183,1,0,0,1,0,0,183,0.0
14215,神奈川県,海老名市,131431,130,0,0,30,2,1,0,0,0,130,160,81.2
14216,神奈川県,座間市,126778,16,0,0,126,2,1,0,0,0,16,142,11.3
14217,神奈川県,南足柄市,42010,11,0,0,54,0,1,0,0,1,11,65,16.9
14218,神奈川県,綾瀬市,84538,83,0,0,132,0,0,0,0,0,83,215,38.6
14301,神奈川県,葉山町,31672,0,0,0,44,0,0,0,0,0,0,44,0.0
14321,神奈川県,寒川町,47542,43,0,59,16,0,1,0,0,0,102,118,86.4
14341,神奈川県,大磯町,30609,0,0,1,83,2,0,0,0,0,1,84,1.2
14342,神奈川県,二宮町,26895,0,0,49,45,1,0,0,0,0,49,94,52.1
14361,神奈川県,中井町,9234,0,0,0,39,0,0,0,0,0,0,39,0.0
14362,神奈川県,大井町,16803,0,0,0,51,0,1,0,0,0,0,51,0.0
14363,神奈川県,松田町,10469,0,0,0,43,1,1,0,0,0,0,43,0.0
14364,神奈川県,山北町,9683,0,0,0,95,0,1,0,0,0,0,95,0.0
14366,神奈川県,開成町,17445,0,0,0,11,1,0,0,0,0,0,11,0.0
14382,神奈川県,箱根町,11072,121,0,0,81,1,0,0,1,5,121,202,59.9
14383,神奈川県,真鶴町,6721,42,0,0,2,2,0,0,0,0,42,44,95.5
14384,神奈川県,湯河原町,23160,40,0,0,40,1,0,0,0,4,40,80,50.0
14401,神奈川県,愛川町,38240,0,0,0,157,0,0,0,0,0,0,157,0.0
14402,神奈川県,清川村,3023,0,0,0,21,0,0,0,0,0,0,21,0.0
15101,新潟県,新潟市北区,75689,0,0,0,217,0,1,0,0,11,0,217,0.0
15102,新潟県,新潟市東区,137054,0,0,0,245,0,2,0,0,2,0,245,0.0
15103,新潟県,新潟市中央区,183173,0,0,3,301,1,3,0,0,64,3,304,1.0
15104,新潟県,新潟市江南区,68273,0,0,0,224,0,1,0,0,6,0,224,0.0
15105,新潟県,新潟市秋葉区,75573,0,0,0,196,0,3,0,0,28,0,196,0.0
15106,新潟県,新潟市南区,44945,0,0,3,316,0,0,0,0,19,3,319,0.9
15107,新潟県,新潟市西区,161516,0,0,0,265,1,1,0,0,11,0,265,0.0
15108,新潟県,新潟市西蒲区,56933,0,0,0,154,1,1,0,0,39,0,154,0.0
15202,新潟県,長岡市,266677,0,0,0,698,1,4,0,0,199,0,698,0.0
15204,新潟県,三条市,95451,0,0,1,334,1,2,0,0,59,1,335,0.3
15205,新潟県,柏崎市,81913,0,0,0,321,0,2,0,0,129,0,321,0.0
15206,新潟県,新発田市,95143,0,0,0,323,0,2,0,0,89,0,323,0.0
15208,新潟県,小千谷市,34334,0,0,0,177,1,2,0,0,30,0,177,0.0
15209,新潟県,加茂市,25804,0,0,23,8,0,1,0,0,14,23,31,74.2
15210,新潟県,十日町市,51139,0,0,0,412,0,2,0,0,145,0,412,0.0
15211,新潟県,見附市,39031,0,0,0,92,1,1,0,0,10,0,92,0.0
15212,新潟県,村上市,58123,0,0,235,73,0,2,0,0,94,235,308,76.3
15213,新潟県,燕市,77176,0,0,46,54,0,2,0,0,18,46,100,46.0
15216,新潟県,糸魚川市,40696,0,0,333,41,0,0,0,4,118,333,374,89.0
15217,新潟県,妙高市,30869,1,0,6,430,1,0,0,2,50,7,437,1.6
15218,新潟県,五泉市,48173,0,0,0,81,0,1,0,0,33,0,81,0.0
15222,新潟県,上越市,189393,220,0,0,765,1,2,0,3,190,220,985,22.3
15223,新潟県,阿賀野市,41030,0,0,0,422,0,2,0,0,37,0,422,0.0
15224,新潟県,佐渡市,51970,0,0,0,414,0,0,0,0,110,0,414,0.0
15225,新潟県,魚沼市,34485,0,0,0,142,0,2,0,0,82,0,142,0.0
15226,新潟県,南魚沼市,55596,0,0,0,431,1,2,0,0,130,0,431,0.0
15227,新潟県,胎内市,28708,0,0,0,6,0,1,0,0,54,0,6,0.0
15307,新潟県,聖籠町,14044,0,0,1,72,0,0,0,0,14,1,73,1.4
15342,新潟県,弥彦村,7801,0,0,14,1,0,1,0,0,19,14,15,93.3
15361,新潟県,田上町,11475,0,0,2,17,0,1,0,0,5,2,19,10.5
15385,新潟県,阿賀町,10210,0,0,0,267,0,1,0,0,77,0,267,0.0
15405,新潟県,出雲崎町,4129,0,0,0,21,0,1,0,0,31,0,21,0.0
15461,新潟県,湯沢町,7642,0,0,0,67,1,1,0,0,69,0,67,0.0
15482,新潟県,津南町,9226,0,0,0,92,0,1,0,0,30,0,92,0.0
15504,新潟県,刈羽村,4673,0,0,0,12,0,1,0,0,4,0,12,0.0
15581,新潟県,関川村,5232,0,0,1,62,0,1,0,0,35,1,63,1.6
15586,新潟県,粟島浦村,347,0,0,0,8,0,0,0,0,9,0,8,0.0
16201,富山県,富山市,413434,1,0,683,113,0,0,5,9,4,684,797,85.8
16202,富山県,高岡市,167278,0,0,211,20,0,0,1,4,0,211,231,91.3
16204,富山県,魚津市,40829,0,0,220,13,0,0,0,3,0,220,233,94.4
16205,富山県,氷見市,44230,0,0,80,4,0,0,0,1,2,80,84,95.2
16206,富山県,滑川市,31531,0,0,10,2,0,0,0,3,0,10,12,83.3
16207,富山県,黒部市,40001,0,0,157,15,0,0,0,4,2,157,172,91.3
16208,富山県,砺波市,48369,0,0,199,77,0,0,0,1,0,199,276,72.1
16209,富山県,小矢部市,28791,0,0,116,7,0,0,0,2,2,116,123,94.3
16210,富山県,南砺市,48025,0,0,329,52,0,0,0,1,2,329,381,86.4
16211,富山県,射水市,90194,0,0,298,138,0,0,2,2,0,298,436,68.3
16321,富山県,舟橋村,2962,0,0,0,0,0,0,0,1,0,0,0,
16322,富山県,上市町,19728,0,0,66,1,0,0,0,1,0,66,67,98.5
16323,富山県,立山町,24955,0,0,25,15,0,0,0,4,8,25,40,62.5
16342,富山県,入善町,23480,0,0,34,1,0,0,0,2,0,34,35,97.1
16343,富山県,朝日町,10884,0,0,0,0,0,0,0,1,0,0,0,
17201,石川県,金沢市,467547,7,0,28,1019,0,0,0,4,96,35,1054,3.3
17202,石川県,七尾市,52376,0,0,0,346,0,0,0,2,72,0,346,0.0
17203,石川県,小松市,104751,3,0,101,143,0,0,0,2,63,104,247,42.1
17204,石川県,輪島市,24125,0,0,0,349,0,0,0,0,59,0,349,0.0
17205,石川県,珠洲市,12903,0,0,0,44,0,0,0,0,40,0,44,0.0
17206,石川県,加賀市,62425,0,0,0,140,0,0,0,3,51,0,140,0.0
17207,石川県,羽咋市,20353,0,0,0,116,0,0,0,1,25,0,116,0.0
17209,石川県,かほく市,33588,0,0,0,9,0,0,0,1,19,0,9,0.0
17210,石川県,白山市,107461,0,0,395,119,0,0,0,3,171,395,514,76.8
17211,石川県,能美市,48806,0,0,0,218,0,0,0,2,24,0,218,0.0
17212,石川県,野々市市,58046,0,0,158,47,0,0,0,2,5,158,205,77.1
17324,石川県,川北町,6421,0,0,0,12,0,0,0,1,2,0,12,0.0
17361,石川県,津幡町,36645,0,0,1,16,0,0,0,4,14,1,17,5.9
17365,石川県,内灘町,26931,0,0,108,9,0,0,0,1,8,108,117,92.3
17384,石川県,志賀町,18713,0,0,0,268,0,0,0,0,27,0,268,0.0
17386,石川県,宝達志水町,12037,0,0,0,53,0,0,0,1,12,0,53,0.0
17407,石川県,中能登町,16544,0,0,0,130,0,0,0,1,12,0,130,0.0
17461,石川県,穴水町,7801,0,0,0,111,0,0,0,1,19,0,111,0.0
17463,石川県,能登町,15548,0,0,0,104,0,0,0,0,46,0,104,0.0
18201,福井県,福井市,264028,702,0,0,255,0,0,0,7,1,702,957,73.4
18202,福井県,敦賀市,64163,1,0,0,232,0,0,0,4,1,1,233,0.4
18204,福井県,小浜市,28009,0,0,0,180,0,0,0,1,0,0,180,0.0
18205,福井県,大野市,30829,39,0,0,100,0,0,0,1,3,39,139,28.1
18206,福井県,勝山市,22778,20,0,0,8,0,0,0,1,0,20,28,71.4
18207,福井県,鯖江市,68669,0,0,0,229,0,0,0,3,0,0,229,0.0
18208,福井県,あわら市,27284,39,0,0,5,0,0,0,3,0,39,44,88.6
18209,福井県,越前市,77667,0,0,0,389,0,0,0,3,0,0,389,0.0
18210,福井県,坂井市,88017,249,0,0,309,0,0,0,3,2,249,558,44.6
18322,福井県,永平寺町,19055,48,0,0,130,0,0,0,1,2,48,178,27.0
18382,福井県,池田町,2304,0,0,0,17,0,0,0,0,0,0,17,0.0
18404,福井県,南越前町,10000,0,0,0,147,0,0,0,2,1,0,147,0.0
18423,福井県,越前町,19892,0,0,0,240,0,0,0,0,0,0,240,0.0
18442,福井県,美浜町,9228,0,0,0,128,0,0,0,1,1,0,128,0.0
18481,福井県,高浜町,10047,0,0,0,11,0,0,0,1,1,0,11,0.0
18483,福井県,おおい町,7675,0,0,0,64,0,0,0,1,0,0,64,0.0
18501,福井県,若狭町,14436,0,0,0,53,0,0,0,1,1,0,53,0.0
19201,山梨県,甲府市,186603,0,0,8,415,1,1,0,0,24,8,423,1.9
19202,山梨県,富士吉田市,46873,4,0,1,143,0,2,0,0,10,5,148,3.4
19204,山梨県,都留市,30194,0,0,0,112,0,1,0,0,5,0,112,0.0
19205,山梨県,山梨市,33207,0,0,0,180,1,0,0,0,12,0,180,0.0
19206,山梨県,大月市,22682,0,0,0,199,1,1,0,0,4,0,199,0.0
19207,山梨県,韮崎市,28917,0,0,1,120,1,0,0,0,5,1,121,0.8
19208,山梨県,南アルプス市,68778,0,0,0,159,0,0,0,0,15,0,159,0.0
19209,山梨県,北杜市,43103,0,0,253,74,1,1,0,0,49,253,327,77.4
19210,山梨県,甲斐市,74175,0,0,146,39,1,0,0,0,1,146,185,78.9
19211,山梨県,笛吹市,67893,0,0,0,246,1,0,0,0,21,0,246,0.0
19212,山梨県,上野原市,22474,0,0,0,158,1,0,0,0,4,0,158,0.0
19213,山梨県,甲州市,29431,0,0,0,197,1,0,0,0,17,0,197,0.0
19214,山梨県,中央市,30658,0,0,0,60,0,1,0,0,7,0,60,0.0
19346,山梨県,市川三郷町,14304,0,0,36,7,0,1,0,0,4,36,43,83.7
19364,山梨県,早川町,869,0,0,0,20,0,0,0,0,2,0,20,0.0
19365,山梨県,身延町,11008,0,0,0,111,0,1,0,0,13,0,111,0.0
19366,山梨県,南部町,7141,0,0,0,0,0,1,0,0,4,0,0,
19368,山梨県,富士川町,14219,0,0,0,54,0,0,0,0,8,0,54,0.0
19384,山梨県,昭和町,19595,0,0,0,16,0,1,0,0,1,0,16,0.0
19422,山梨県,道志村,1622,0,0,0,73,0,0,0,0,6,0,73,0.0
19423,山梨県,西桂町,4116,0,0,0,0,0,1,0,0,1,0,0,
19424,山梨県,忍野村,8961,0,0,0,59,0,0,0,0,2,0,59,0.0
19425,山梨県,山中湖村,5042,8,0,0,57,0,0,0,0,4,8,65,12.3
19429,山梨県,鳴沢村,2874,0,0,0,30,0,0,0,0,5,0,30,0.0
19430,山梨県,富士河口湖町,24899,3,0,0,177,0,1,0,0,21,3,180,1.7
19442,山梨県,小菅村,630,13,0,4,1,0,0,0,0,2,17,18,94.4
19443,山梨県,丹波山村,461,14,0,0,1,0,0,0,0,3,14,15,93.3
20201,長野県,長野市,371276,0,0,939,615,1,3,0,3,57,939,1554,60.4
20202,長野県,松本市,241546,0,0,715,98,0,2,0,1,46,715,813,87.9
20203,長野県,上田市,153385,0,0,595,68,1,0,0,2,14,595,663,89.7
20204,長野県,岡谷市,47140,0,0,0,248,1,0,0,0,9,0,248,0.0
20205,長野県,飯田市,97696,0,0,297,5,0,0,0,1,21,297,302,98.3
20206,長野県,諏訪市,48469,0,0,179,92,1,0,0,0,8,179,271,66.1
20207,長野県,須坂市,48862,0,0,112,13,0,0,0,1,8,112,125,89.6
20208,長野県,小諸市,40850,0,0,0,8,0,1,0,1,11,0,8,0.0
20209,長野県,伊那市,65269,0,0,0,210,0,0,0,1,14,0,210,0.0
20210,長野県,駒ヶ根市,31652,0,0,0,34,0,0,0,1,20,0,34,0.0
20211,長野県,中野市,41930,0,0,73,106,1,1,0,1,8,73,179,40.8
20212,長野県,大町市,26042,0,0,241,7,0,1,0,0,4,241,248,97.2
20213,長野県,飯山市,19341,0,0,40,90,1,1,0,0,20,40,130,30.8
20214,長野県,茅野市,54903,0,0,0,136,1,0,0,0,8,0,136,0.0
20215,長野県,塩尻市,66297,0,0,182,88,1,2,0,0,9,182,270,67.4
20217,長野県,佐久市,97632,0,0,70,75,1,1,0,1,26,70,145,48.3
20218,長野県,千曲市,58174,0,0,206,29,1,1,0,1,10,206,235,87.7
20219,長野県,東御市,29320,0,0,0,96,1,0,0,1,7,0,96,0.0
20220,長野県,安曇野市,93144,0,0,8,18,0,2,0,0,12,8,26,30.8
20303,長野県,小海町,4254,0,0,1,0,0,1,0,0,2,1,1,100.0
20304,長野県,川上村,4625,0,0,0,0,0,1,0,0,4,0,0,
20305,長野県,南牧村,3184,0,0,0,0,0,1,0,0,1,0,0,
20306,長野県,南相木村,890,0,0,0,0,0,0,0,0,0,0,0,
20307,長野県,北相木村,662,0,0,0,0,0,0,0,0,1,0,0,
20309,長野県,佐久穂町,10281,0,0,17,0,0,1,0,0,4,17,17,100.0
20321,長野県,軽井沢町,18750,111,0,29,10,1,0,0,1,10,140,150,93.3
20323,長野県,御代田町,15421,0,0,7,0,1,0,0,1,6,7,7,100.0
20324,長野県,立科町,6803,0,0,33,57,0,0,0,0,8,33,90,36.7
20349,長野県,青木村,4054,0,0,5,0,0,0,0,0,2,5,5,100.0
20350,長野県,長和町,5566,0,0,0,159,0,0,0,0,2,0,159,0.0
20361,長野県,下諏訪町,18772,0,0,0,101,1,0,0,0,6,0,101,0.0
20362,長野県,富士見町,13708,0,0,0,8,1,0,0,0,4,0,8,0.0
20363,長野県,原村,7415,0,0,0,72,0,0,0,0,4,0,72,0.0
20382,長野県,辰野町,18471,0,0,1,1,1,0,0,1,6,1,2,50.0
20383,長野県,箕輪町,24216,0,0,0,141,0,0,0,1,2,0,141,0.0
20384,長野県,飯島町,8971,0,0,0,9,0,0,0,1,4,0,9,0.0
20385,長野県,南箕輪村,15401,0,0,0,100,0,0,0,1,1,0,100,0.0
20386,長野県,中川村,4618,0,0,2,0,0,0,0,1,5,2,2,100.0
20388,長野県,宮田村,8700,0,0,0,14,0,0,0,1,2,0,14,0.0
20402,長野県,松川町,12603,0,0,57,74,0,0,0,1,2,57,131,43.5
20403,長野県,高森町,12868,0,0,3,0,0,0,0,1,2,3,3,100.0
20404,長野県,阿南町,4437,0,0,52,80,0,0,0,1,3,52,132,39.4
20407,長野県,阿智村,6052,0,0,138,4,0,0,0,0,11,138,142,97.2
20409,長野県,平谷村,436,0,0,7,2,0,0,0,0,3,7,9,77.8
20410,長野県,根羽村,831,0,0,16,1,0,0,0,0,3,16,17,94.1
20411,長野県,下條村,3625,0,0,12,3,0,0,0,0,4,12,15,80.0
20412,長野県,売木村,520,0,0,4,0,0,0,0,0,1,4,4,100.0
20413,長野県,天龍村,1127,0,0,14,0,0,0,0,1,1,14,14,100.0
20414,長野県,泰阜村,1530,0,0,3,1,0,0,0,1,3,3,4,75.0
20415,長野県,喬木村,5904,0,0,137,5,0,0,0,0,4,137,142,96.5
20416,長野県,豊丘村,6299,0,0,62,2,0,0,0,0,2,62,64,96.9
20417,長野県,大鹿村,885,0,0,9,0,0,0,0,0,2,9,9,100.0
20422,長野県,上松町,4165,0,0,70,6,0,1,0,0,2,70,76,92.1
20423,長野県,南木曽町,3871,0,0,45,23,0,1,0,0,7,45,68,66.2
20425,長野県,木祖村,2701,0,0,40,1,0,1,0,0,6,40,41,97.6
20429,長野県,王滝村,746,0,0,4,1,0,0,0,0,0,4,5,80.0
20430,長野県,大桑村,3479,0,0,24,1,0,1,0,0,0,24,25,96.0
20432,長野県,木曽町,10823,0,0,198,55,0,1,0,0,1,198,253,78.3
20446,長野県,麻績村,2547,0,0,0,0,0,1,0,0,0,0,0,
20448,長野県,生坂村,1665,0,0,9,0,0,0,0,0,0,9,9,100.0
20450,長野県,山形村,8327,0,0,25,3,0,0,0,0,1,25,28,89.3
20451,長野県,朝日村,4173,0,0,12,24,0,0,0,0,0,12,36,33.3
20452,長野県,筑北村,4279,0,0,0,0,0,1,0,0,1,0,0,
20481,長野県,池田町,9417,0,0,0,0,0,0,0,0,8,0,0,
20482,長野県,松川村,9720,0,0,0,0,0,1,0,0,8,0,0,
20485,長野県,白馬村,8492,0,0,0,21,0,1,0,0,1,0,21,0.0
20486,長野県,小谷村,2556,0,0,0,72,0,1,0,1,13,0,72,0.0
20521,長野県,坂城町,13950,0,0,0,60,1,0,0,1,1,0,60,0.0
20541,長野県,小布施町,10231,0,0,8,2,0,0,0,1,2,8,10,80.0
20543,長野県,高山村,6736,0,0,0,35,0,0,0,0,1,0,35,0.0
20561,長野県,山ノ内町,11226,0,0,75,39,0,0,0,1,6,75,114,65.8
20562,長野県,木島平村,4321,0,0,0,13,0,0,0,0,4,0,13,0.0
20563,長野県,野沢温泉村,3108,0,0,0,36,0,1,0,0,2,0,36,0.0
20583,長野県,信濃町,7645,0,0,2,142,0,0,0,1,13,2,144,1.4
20588,長野県,小川村,2364,0,0,30,26,0,0,0,0,3,30,56,53.6
20590,長野県,飯綱町,10186,0,0,82,40,0,0,0,1,5,82,122,67.2
20602,長野県,栄村,1700,0,0,0,5,0,1,0,0,4,0,5,0.0
21201,岐阜県,岐阜市,396938,0,0,885,258,0,1,0,4,33,885,1143,77.4
21202,岐阜県,大垣市,157627,0,0,229,15,1,1,0,2,39,229,244,93.9
21203,岐阜県,高山市,85332,0,0,692,43,0,0,0,1,47,692,735,94.1
21204,岐阜県,多治見市,107399,0,0,136,4,0,1,0,1,21,136,140,97.1
21205,岐阜県,関市,86263,0,0,56,242,0,0,0,1,42,56,298,18.8
21206,岐阜県,中津川市,76660,0,0,430,126,0,1,1,0,58,430,556,77.3
21207,岐阜県,美濃市,18993,0,0,6,40,0,0,0,1,18,6,46,13.0
21208,岐阜県,瑞浪市,36860,0,0,220,24,0,1,0,0,26,220,244,90.2
21209,岐阜県,羽島市,66621,0,0,85,1,1,0,0,2,10,85,86,98.8
21210,岐阜県,恵那市,48441,0,0,296,9,0,1,1,0,46,296,305,97.0
21211,岐阜県,美濃加茂市,55930,0,0,212,4,0,0,0,3,15,212,216,98.1
21212,岐阜県,土岐市,54943,0,0,187,5,0,1,0,0,21,187,192,97.4
21213,岐阜県,各務原市,142580,0,0,14,259,0,0,0,3,16,14,273,5.1
21214,岐阜県,可児市,99236,0,0,134,14,0,0,0,2,16,134,148,90.5
21215,岐阜県,山県市,25261,0,0,117,66,0,0,0,0,8,117,183,63.9
21216,岐阜県,瑞穂市,56091,0,0,2,88,0,1,0,1,7,2,90,2.2
21217,岐阜県,飛騨市,22739,0,0,198,5,0,0,0,1,18,198,203,97.5
21218,岐阜県,本巣市,32688,0,0,18,21,0,0,0,1,10,18,39,46.2
21219,岐阜県,郡上市,39910,0,0,434,50,0,0,0,1,64,434,484,89.7
21220,岐阜県,下呂市,31050,0,0,183,54,0,0,0,1,39,183,237,77.2
21221,岐阜県,海津市,32402,0,0,42,4,0,0,0,1,17,42,46,91.3
21302,岐阜県,岐南町,24965,0,0,7,47,0,0,0,1,3,7,54,13.0
21303,岐阜県,笠松町,22420,0,0,42,5,0,1,0,2,2,42,47,89.4
21341,岐阜県,養老町,26765,0,0,10,0,0,0,0,1,7,10,10,100.0
21361,岐阜県,垂井町,26468,0,0,1,2,1,1,0,0,6,1,3,33.3
21362,岐阜県,関ケ原町,6778,0,0,3,0,1,1,0,0,11,3,3,100.0
21381,岐阜県,神戸町,18326,0,0,9,1,0,0,0,1,3,9,10,90.0
21382,岐阜県,輪之内町,9855,0,0,8,20,0,0,0,0,1,8,28,28.6
21383,岐阜県,安八町,14201,0,0,6,10,1,0,0,0,5,6,16,37.5
21401,岐阜県,揖斐川町,19407,0,0,1,1,0,0,0,2,32,1,2,50.0
21403,岐阜県,大野町,22792,0,0,10,4,0,0,0,1,7,10,14,71.4
21404,岐阜県,池田町,23744,0,0,0,0,0,0,0,1,11,0,0,
21421,岐阜県,北方町,18100,0,0,1,16,0,0,0,0,2,1,17,5.9
21501,岐阜県,坂祝町,7935,0,0,0,1,0,0,0,1,3,0,1,0.0
21502,岐阜県,富加町,5555,0,0,3,7,0,0,0,1,2,3,10,30.0
21503,岐阜県,川辺町,9804,0,0,5,0,0,0,0,1,4,5,5,100.0
21504,岐阜県,七宗町,3437,0,0,0,0,0,0,0,1,2,0,0,
21505,岐阜県,八百津町,10059,0,0,59,2,0,0,0,0,8,59,61,96.7
21506,岐阜県,白川町,7385,0,0,63,5,0,0,0,1,4,63,68,92.6
21507,岐阜県,東白川村,2033,0,0,22,2,0,0,0,0,2,22,24,91.7
21521,岐阜県,御嵩町,17449,0,0,36,1,0,0,0,1,14,36,37,97.3
21604,岐阜県,白川村,1522,0,0,11,0,0,0,0,0,13,11,11,100.0
22101,静岡県,静岡市葵区,247231,0,0,31,441,1,1,0,2,64,31,472,6.6
22102,静岡県,静岡市駿河区,209798,0,0,0,226,1,1,0,1,41,0,226,0.0
22103,静岡県,静岡市清水区,232727,1,0,110,310,1,1,0,1,103,111,421,26.4
22131,,,237442,0,0,0,289,1,1,0,1,38,0,289,0.0
22132,,,128726,0,0,0,115,1,1,0,1,4,0,115,0.0
22133,,,110531,0,0,0,167,1,1,0,0,31,0,167,0.0
22134,,,100557,0,0,0,131,1,1,0,0,5,0,131,0.0
22135,,,92251,0,0,0,275,0,0,0,1,61,0,275,0.0
22136,,,95534,0,0,0,98,0,0,0,2,13,0,98,0.0
22137,,,28439,34,0,0,108,0,0,0,3,64,34,142,23.9
22203,静岡県,沼津市,187027,185,0,0,478,1,2,0,0,56,185,663,27.9
22205,静岡県,熱海市,34780,74,0,0,112,2,2,0,1,111,74,186,39.8
22206,静岡県,三島市,107195,72,0,0,298,1,2,0,0,35,72,370,19.5
22207,静岡県,富士宮市,128008,0,0,0,422,0,1,0,0,64,0,422,0.0
22208,静岡県,伊東市,64204,0,0,0,230,0,2,0,0,61,0,230,0.0
22209,静岡県,島田市,95376,0,0,288,28,1,1,0,1,47,288,316,91.1
22210,静岡県,富士市,240554,0,0,4,591,1,2,0,1,36,4,595,0.7
22211,静岡県,磐田市,165274,41,0,68,117,1,1,0,1,99,109,226,48.2
22212,静岡県,焼津市,134977,0,0,2,188,1,1,0,0,37,2,190,1.1
22213,静岡県,掛川市,112434,26,0,214,42,1,1,0,1,58,240,282,85.1
22214,静岡県,藤枝市,143993,0,0,112,121,0,1,0,0,60,112,233,48.1
22215,静岡県,御殿場市,86673,7,0,0,297,0,1,0,0,54,7,304,2.3
22216,静岡県,袋井市,86218,67,0,0,104,1,1,0,1,72,67,171,39.2
22219,静岡県,下田市,20731,0,0,0,154,0,1,0,0,35,0,154,0.0
22220,静岡県,裾野市,51162,0,0,0,206,0,1,0,0,31,0,206,0.0
22221,静岡県,湖西市,59190,0,0,0,117,1,1,0,1,20,0,117,0.0
22222,静岡県,伊豆市,28494,0,0,0,304,0,1,0,0,77,0,304,0.0
22223,静岡県,御前崎市,30468,0,0,0,85,0,0,0,0,30,0,85,0.0
22224,静岡県,菊川市,46302,0,0,0,202,1,1,0,0,36,0,202,0.0
22225,静岡県,伊豆の国市,46516,91,0,0,71,0,1,0,0,45,91,162,56.2
22226,静岡県,牧之原市,42279,0,0,1,102,0,0,0,0,32,1,103,1.0
22301,静岡県,東伊豆町,11261,0,0,0,63,0,1,0,0,34,0,63,0.0
22302,静岡県,河津町,6575,0,0,0,59,0,1,0,0,29,0,59,0.0
22304,静岡県,南伊豆町,7878,0,0,0,198,0,0,0,0,11,0,198,0.0
22305,静岡県,松崎町,6250,0,0,0,56,0,0,0,0,24,0,56,0.0
22306,静岡県,西伊豆町,7084,0,0,0,68,0,0,0,0,36,0,68,0.0
22325,静岡県,函南町,36296,31,0,0,23,1,2,0,1,8,31,54,57.4
22341,静岡県,清水町,31410,36,0,0,94,0,0,0,0,7,36,130,27.7
22342,静岡県,長泉町,43067,18,0,0,63,0,1,0,0,8,18,81,22.2
22344,静岡県,小山町,18275,2,0,0,129,0,1,0,0,27,2,131,1.5
22424,静岡県,吉田町,28468,0,0,0,16,0,0,0,0,7,0,16,0.0
22429,静岡県,川根本町,6350,0,0,1,77,0,0,0,2,18,1,78,1.3
22461,静岡県,森町,17582,52,0,0,3,0,0,0,1,20,52,55,94.5
23101,愛知県,名古屋市千種区,168489,0,0,0,99,0,1,0,3,0,0,99,0.0
23102,愛知県,名古屋市東区,81437,0,0,0,57,0,1,0,5,0,0,57,0.0
23103,愛知県,名古屋市北区,160232,0,0,3,84,0,0,0,6,0,3,87,3.4
23104,愛知県,名古屋市西区,151691,1,0,2,93,1,1,0,4,0,3,96,3.1
23105,愛知県,名古屋市中村区,130078,8,0,1,108,1,2,0,6,0,9,117,7.7
23106,愛知県,名古屋市中区,87612,8,0,3,64,0,2,0,8,2,11,75,14.7
23107,愛知県,名古屋市昭和区,109066,0,0,0,58,0,1,0,3,0,0,58,0.0
23108,愛知県,名古屋市瑞穂区,105406,0,0,0,64,0,0,0,3,0,0,64,0.0
23109,愛知県,名古屋市熱田区,66668,0,0,0,39,1,1,0,4,2,0,39,0.0
23110,愛知県,名古屋市中川区,218611,0,0,19,163,1,2,0,7,0,19,182,10.4
23111,愛知県,名古屋市港区,143123,0,0,15,135,0,0,0,3,0,15,150,10.0
23112,愛知県,名古屋市南区,132422,0,0,0,81,1,1,0,4,0,0,81,0.0
23113,愛知県,名古屋市守山区,175730,0,0,3,118,0,1,0,3,0,3,121,2.5
23114,愛知県,名古屋市緑区,251230,0,0,4,206,1,1,0,2,0,4,210,1.9
23115,愛知県,名古屋市名東区,166127,0,0,5,90,0,0,0,2,0,5,95,5.3
23116,愛知県,名古屋市天白区,164922,0,0,0,98,0,0,0,3,0,0,98,0.0
23201,愛知県,豊橋市,371497,0,0,0,385,1,1,0,4,0,0,385,0.0
23202,愛知県,岡崎市,387405,0,0,53,455,0,1,0,2,0,53,508,10.4
23203,愛知県,一宮市,379347,0,0,0,293,1,1,0,3,3,0,293,0.0
23204,愛知県,瀬戸市,124863,0,0,176,81,0,0,0,3,0,176,257,68.5
23205,愛知県,半田市,114366,0,0,52,136,0,0,0,2,0,52,188,27.7
23206,愛知県,春日井市,304899,0,0,16,283,0,1,0,3,0,16,299,5.4
23207,愛知県,豊川市,181920,0,0,4,254,1,1,0,3,0,4,258,1.6
23208,愛知県,津島市,61020,0,0,3,90,0,0,0,2,1,3,93,3.2
23209,愛知県,碧南市,70457,0,0,4,2,0,0,0,1,0,4,6,66.7
23210,愛知県,刈谷市,152816,0,0,128,16,0,1,0,2,0,128,144,88.9
23211,愛知県,豊田市,425784,0,0,733,113,0,0,0,4,0,733,846,86.6
23212,愛知県,安城市,188259,0,0,170,22,1,1,0,2,0,170,192,88.5
23213,愛知県,西尾市,169878,0,0,221,44,0,0,0,2,0,221,265,83.4
23214,愛知県,蒲郡市,79343,0,0,136,40,1,1,0,1,0,136,176,77.3
23215,愛知県,犬山市,72981,0,0,0,172,0,0,0,3,2,0,172,0.0
23216,愛知県,常滑市,57788,0,0,27,0,0,0,0,3,0,27,27,100.0
23217,愛知県,江南市,96103,0,0,7,48,0,0,0,1,0,7,55,12.7
23219,愛知県,小牧市,149950,0,0,82,264,0,0,0,1,0,82,346,23.7
23220,愛知県,稲沢市,136125,0,0,0,115,1,1,0,2,0,0,115,0.0
23221,愛知県,新城市,44434,0,0,147,170,0,0,0,1,0,147,317,46.4
23222,愛知県,東海市,114940,0,0,156,10,0,0,0,2,0,156,166,94.0
23223,愛知県,大府市,91900,0,0,40,99,1,1,0,1,0,40,139,28.8
23224,愛知県,知多市,83861,0,0,95,0,0,0,0,2,0,95,95,100.0
23225,愛知県,知立市,72002,0,0,86,3,1,0,0,2,0,86,89,96.6
23226,愛知県,尾張旭市,79998,0,0,94,25,0,0,0,1,0,94,119,79.0
23227,愛知県,高浜市,48052,0,0,0,49,0,0,0,1,0,0,49,0.0
23228,愛知県,岩倉市,47383,0,0,2,10,0,0,0,1,0,2,12,16.7
23229,愛知県,豊明市,68160,0,0,58,22,0,0,0,1,0,58,80,72.5
23230,愛知県,日進市,90967,0,0,176,29,0,0,0,2,0,176,205,85.9
23231,愛知県,田原市,60498,0,0,0,204,0,0,0,1,0,0,204,0.0
23232,愛知県,愛西市,60358,0,0,0,3,0,0,0,3,0,0,3,0.0
23233,愛知県,清須市,68227,0,0,1,75,1,1,0,4,0,1,76,1.3
23234,愛知県,北名古屋市,85643,0,0,63,44,0,0,0,1,0,63,107,58.9
23235,愛知県,弥富市,42943,0,0,11,85,0,0,0,3,0,11,96,11.5
23236,愛知県,みよし市,62895,0,0,77,17,0,0,0,1,0,77,94,81.9
23237,愛知県,あま市,85906,0,0,78,11,0,0,0,1,0,78,89,87.6
23238,愛知県,長久手市,62214,0,0,127,24,0,0,0,1,0,127,151,84.1
23302,愛知県,東郷町,43374,0,0,1,110,0,0,0,0,0,1,111,0.9
23342,愛知県,豊山町,15704,0,0,29,6,0,0,0,0,0,29,35,82.9
23361,愛知県,大口町,23832,0,0,71,8,0,0,0,1,0,71,79,89.9
23362,愛知県,扶桑町,33709,0,0,1,1,0,0,0,1,0,1,2,50.0
23424,愛知県,大治町,31502,0,0,1,12,0,0,0,0,0,1,13,7.7
23425,愛知県,蟹江町,36838,0,0,5,6,0,0,0,2,0,5,11,45.5
23427,愛知県,飛島村,4255,0,0,4,31,0,0,0,1,0,4,35,11.4
23441,愛知県,阿久比町,28979,0,0,2,49,0,0,0,1,0,2,51,3.9
23442,愛知県,東浦町,48667,0,0,86,2,0,1,0,1,0,86,88,97.7
23445,愛知県,南知多町,16848,0,0,52,9,0,0,0,1,0,52,61,85.2
23446,愛知県,美浜町,21899,0,0,23,0,0,0,0,2,0,23,23,100.0
23447,愛知県,武豊町,42235,0,0,44,0,0,0,0,3,0,44,44,100.0
23501,愛知県,幸田町,40867,0,0,0,0,1,1,0,0,0,0,0,
23561,愛知県,設楽町,4471,0,0,63,18,0,0,0,0,0,63,81,77.8
23562,愛知県,東栄町,3045,0,0,53,23,0,0,0,1,0,53,76,69.7
23563,愛知県,豊根村,973,0,0,56,5,0,0,0,1,0,56,61,91.8
24201,三重県,津市,273590,0,0,881,105,0,0,1,4,63,881,986,89.4
24202,三重県,四日市市,311114,0,0,445,35,0,0,1,7,14,445,480,92.7
24203,三重県,伊勢市,124307,0,0,395,1,0,0,0,3,27,395,396,99.7
24204,三重県,松阪市,159073,0,0,446,70,0,0,0,5,43,446,516,86.4
24205,三重県,桑名市,139565,0,0,337,48,0,0,0,4,21,337,385,87.5
24207,三重県,鈴鹿市,192456,0,0,145,114,0,0,1,3,21,145,259,56.0
24208,三重県,名張市,76584,0,0,261,28,0,0,0,1,21,261,289,90.3
24209,三重県,尾鷲市,15966,0,0,96,3,0,0,0,1,11,96,99,97.0
24210,三重県,亀山市,49784,0,0,196,11,0,0,0,3,20,196,207,94.7
24211,三重県,鳥羽市,17362,0,0,88,2,0,0,0,3,22,88,90,97.8
24212,三重県,熊野市,15508,0,0,188,0,0,0,0,1,15,188,188,100.0
24214,三重県,いなべ市,45383,0,0,12,0,0,0,0,2,19,12,12,100.0
24215,三重県,志摩市,45811,0,0,133,7,0,0,0,1,27,133,140,95.0
24216,三重県,伊賀市,84023,0,0,503,40,0,0,0,4,38,503,543,92.6
24303,三重県,木曽岬町,6001,0,0,1,0,0,0,0,0,1,1,1,100.0
24324,三重県,東員町,24727,0,0,112,1,0,0,0,1,5,112,113,99.1
24341,三重県,菰野町,40201,0,0,91,4,0,0,0,1,13,91,95,95.8
24343,三重県,朝日町,11269,0,0,0,0,0,0,0,2,1,0,0,
24344,三重県,川越町,15504,0,0,1,0,0,0,0,1,1,1,1,100.0
24441,三重県,多気町,14297,0,0,63,7,0,0,0,2,6,63,70,90.0
24442,三重県,明和町,22006,0,0,36,59,0,0,0,1,6,36,95,37.9
24443,三重県,大台町,8730,0,0,111,1,0,0,0,1,6,111,112,99.1
24461,三重県,玉城町,15442,0,0,18,0,0,0,0,1,2,18,18,100.0
24470,三重県,度会町,7813,0,0,65,1,0,0,0,0,1,65,66,98.5
24471,三重県,大紀町,7972,0,0,5,6,0,0,0,1,9,5,11,45.5
24472,三重県,南伊勢町,10837,0,0,120,2,0,0,0,0,6,120,122,98.4
24543,三重県,紀北町,14251,0,0,68,27,0,0,0,1,12,68,95,71.6
24561,三重県,御浜町,8072,0,0,56,0,0,0,0,1,3,56,56,100.0
24562,三重県,紀宝町,10450,0,0,125,0,0,0,0,1,6,125,125,100.0
25201,滋賀県,大津市,342254,19,0,16,500,1,0,0,5,57,35,535,6.5
25202,滋賀県,彦根市,114393,0,0,0,133,1,0,0,3,50,0,133,0.0
25203,滋賀県,長浜市,114382,0,0,3,246,1,0,0,2,100,3,249,1.2
25204,滋賀県,近江八幡市,80282,0,0,250,65,1,0,0,2,24,250,315,79.4
25206,滋賀県,草津市,142659,0,0,218,173,1,0,0,2,21,218,391,55.8
25207,滋賀県,守山市,82536,0,0,41,135,0,0,0,1,38,41,176,23.3
25208,滋賀県,栗東市,69059,0,0,51,118,1,0,0,2,11,51,169,30.2
25209,滋賀県,甲賀市,88505,0,0,298,130,0,0,0,3,77,298,428,69.6
25210,滋賀県,野洲市,49566,0,0,58,26,1,0,0,1,18,58,84,69.0
25211,滋賀県,湖南市,53643,0,0,137,9,0,0,0,1,19,137,146,93.8
25212,滋賀県,高島市,47410,0,0,270,49,0,0,0,1,58,270,319,84.6
25213,滋賀県,東近江市,112527,0,0,258,92,1,0,0,3,2,258,350,73.7
25214,滋賀県,米原市,37230,0,0,0,85,1,1,0,3,13,0,85,0.0
25383,滋賀県,日野町,20959,0,0,104,48,0,0,0,1,31,104,152,68.4
25384,滋賀県,竜王町,11834,0,0,4,51,0,0,0,0,14,4,55,7.3
25425,滋賀県,愛荘町,21069,0,0,0,11,0,0,0,1,15,0,11,0.0
25441,滋賀県,豊郷町,7432,0,0,0,0,1,0,0,1,7,0,0,
25442,滋賀県,甲良町,6529,0,0,0,9,0,0,0,1,0,0,9,0.0
25443,滋賀県,多賀町,6884,0,0,0,32,0,0,0,1,6,0,32,0.0
26101,京都府,京都市北区,117384,115,0,0,16,0,0,0,2,7,115,131,87.8
26102,京都府,京都市上京区,84970,48,0,0,0,0,0,0,1,5,48,48,100.0
26103,京都府,京都市左京区,168583,300,0,0,18,0,0,0,8,9,300,318,94.3
26104,京都府,京都市中京区,113127,70,0,0,1,0,1,0,4,6,70,71,98.6
26105,京都府,京都市東山区,37570,47,0,0,10,1,0,0,5,13,47,57,82.5
26106,京都府,京都市下京区,85965,113,0,0,3,1,1,0,7,4,113,116,97.4
26107,京都府,京都市南区,100433,102,0,0,4,1,0,0,3,2,102,106,96.2
26108,京都府,京都市右京区,204334,184,0,0,42,0,1,0,6,7,184,226,81.4
26109,京都府,京都市伏見区,277333,160,0,0,139,1,0,0,6,2,160,299,53.5
26110,京都府,京都市山科区,134243,13,0,0,76,1,0,0,4,0,13,89,14.6
26111,京都府,京都市西京区,147808,233,0,0,30,1,0,0,3,5,233,263,88.6
26201,京都府,福知山市,77420,0,0,0,495,0,1,0,2,49,0,495,0.0
26202,京都府,舞鶴市,79002,0,0,0,151,0,0,0,4,30,0,151,0.0
26203,京都府,綾部市,31648,0,0,0,218,0,1,0,1,26,0,218,0.0
26204,京都府,宇治市,178464,2,0,0,102,0,0,0,4,62,2,104,1.9
26205,京都府,宮津市,16784,0,0,0,67,0,0,0,3,17,0,67,0.0
26206,京都府,亀岡市,86088,0,0,0,255,0,1,0,1,43,0,255,0.0
26207,京都府,城陽市,73312,0,0,0,71,0,0,0,2,24,0,71,0.0
26208,京都府,向日市,53706,12,0,0,47,0,0,0,2,19,12,59,20.3
26209,京都府,長岡京市,79745,6,0,0,123,1,0,0,2,18,6,129,4.7
26210,京都府,八幡市,70386,0,0,0,125,0,0,0,3,13,0,125,0.0
26211,京都府,京田辺市,73161,0,0,0,99,0,0,0,2,23,0,99,0.0
26212,京都府,京丹後市,51132,0,0,0,291,0,0,0,1,64,0,291,0.0
26213,京都府,南丹市,31060,0,0,0,316,0,1,0,0,50,0,316,0.0
26214,京都府,木津川市,74949,0,0,0,194,0,0,0,4,88,0,194,0.0
26303,京都府,大山崎町,15085,0,0,0,19,1,0,0,2,13,0,19,0.0
26322,京都府,久御山町,15259,0,0,0,22,0,0,0,0,3,0,22,0.0
26343,京都府,井手町,7361,0,0,0,0,0,0,0,1,15,0,0,
26344,京都府,宇治田原町,8837,0,0,0,27,0,0,0,0,11,0,27,0.0
26364,京都府,笠置町,1179,0,0,0,0,0,0,0,1,5,0,0,
26365,京都府,和束町,3489,0,0,0,19,0,0,0,1,19,0,19,0.0
26366,京都府,精華町,36501,0,0,0,89,0,0,0,2,5,0,89,0.0
26367,京都府,南山城村,2338,0,0,4,0,0,0,0,1,11,4,4,100.0
26407,京都府,京丹波町,13121,0,0,0,43,0,1,0,0,17,0,43,0.0
26463,京都府,伊根町,1850,0,0,0,26,0,0,0,0,13,0,26,0.0
26465,京都府,与謝野町,20145,0,0,0,124,0,0,0,1,30,0,124,0.0
27102,大阪府,大阪市都島区,106092,0,0,0,32,0,0,0,7,0,0,32,0.0
27103,大阪府,大阪市福島区,77017,0,0,0,37,0,0,0,6,0,0,37,0.0
27104,大阪府,大阪市此花区,66998,3,0,0,66,0,0,0,3,1,3,69,4.3
27106,大阪府,大阪市西区,100066,0,0,0,35,0,0,0,5,0,0,35,0.0
27107,大阪府,大阪市港区,78028,0,0,0,42,0,0,0,2,0,0,42,0.0
27108,大阪府,大阪市大正区,61745,0,0,0,40,0,0,0,2,0,0,40,0.0
27109,大阪府,大阪市天王寺区,80562,0,0,1,47,0,0,0,11,2,1,48,2.1
27111,大阪府,大阪市浪速区,74079,2,0,0,19,0,0,0,11,0,2,21,9.5
27113,大阪府,大阪市西淀川区,94019,0,0,0,54,0,0,0,5,0,0,54,0.0
27114,大阪府,大阪市東淀川区,173870,0,0,0,72,1,0,0,6,0,0,72,0.0
27115,大阪府,大阪市東成区,80958,0,0,0,17,0,0,0,5,0,0,17,0.0
27116,大阪府,大阪市生野区,125340,0,0,0,50,0,0,0,3,0,0,50,0.0
27117,大阪府,大阪市旭区,90350,0,0,0,47,0,0,0,3,0,0,47,0.0
27118,大阪府,大阪市城東区,163290,0,0,0,53,0,0,0,7,0,0,53,0.0
27119,大阪府,大阪市阿倍野区,108500,0,0,0,24,0,0,0,7,0,0,24,0.0
27120,大阪府,大阪市住吉区,151593,0,0,0,51,0,0,0,6,2,0,51,0.0
27121,大阪府,大阪市東住吉区,121069,0,0,0,56,0,0,0,5,0,0,56,0.0
27122,大阪府,大阪市西成区,100276,0,0,0,32,0,0,0,8,0,0,32,0.0
27123,大阪府,大阪市淀川区,179163,0,0,0,63,1,0,0,6,0,0,63,0.0
27124,大阪府,大阪市鶴見区,111293,0,0,0,37,0,0,0,3,0,0,37,0.0
27125,大阪府,大阪市住之江区,118371,2,0,0,74,0,0,0,5,0,2,76,2.6
27126,大阪府,大阪市平野区,191146,0,0,0,97,0,0,0,3,0,0,97,0.0
27127,大阪府,大阪市北区,133614,0,0,3,79,0,0,0,13,2,3,82,3.7
27128,大阪府,大阪市中央区,102127,0,0,0,31,0,0,0,13,6,0,31,0.0
27141,大阪府,堺市堺区,145750,0,0,0,90,0,0,0,4,1,0,90,0.0
27142,大阪府,堺市中区,123874,0,0,0,67,0,0,0,1,0,0,67,0.0
27143,大阪府,堺市東区,83892,0,0,0,31,0,0,0,2,0,0,31,0.0
27144,大阪府,堺市西区,134688,0,0,0,67,0,0,0,3,0,0,67,0.0
27145,大阪府,堺市南区,145055,0,0,0,163,0,0,0,1,0,0,163,0.0
27146,大阪府,堺市北区,158502,0,0,0,51,0,0,0,4,0,0,51,0.0
27147,大阪府,堺市美原区,38658,0,0,0,59,0,0,0,0,0,0,59,0.0
27202,大阪府,岸和田市,188955,0,0,0,134,0,0,0,2,1,0,134,0.0
27203,大阪府,豊中市,398730,0,0,0,143,0,0,0,3,0,0,143,0.0
27204,大阪府,池田市,102015,0,0,0,87,0,0,0,4,0,0,87,0.0
27205,大阪府,吹田市,388610,0,0,0,182,0,0,0,8,2,0,182,0.0
27206,大阪府,泉大津市,73534,1,0,0,6,0,0,0,1,0,1,7,14.3
27207,大阪府,高槻市,345745,0,0,0,281,1,0,0,2,0,0,281,0.0
27208,大阪府,貝塚市,85984,0,0,0,106,0,0,0,3,1,0,106,0.0
27209,大阪府,守口市,137335,0,0,0,57,0,0,0,4,0,0,57,0.0
27210,大阪府,枚方市,397406,0,0,0,244,0,0,0,3,0,0,244,0.0
27211,大阪府,茨木市,283805,0,0,0,201,0,0,0,4,0,0,201,0.0
27212,大阪府,八尾市,263899,0,0,0,75,0,0,0,6,0,0,75,0.0
27213,大阪府,泉佐野市,99957,0,0,0,148,0,0,0,4,0,0,148,0.0
27214,大阪府,富田林市,107717,0,0,0,112,0,0,0,2,0,0,112,0.0
27215,大阪府,寝屋川市,229745,0,0,0,144,0,0,0,2,0,0,144,0.0
27216,大阪府,河内長野市,101327,0,0,0,198,0,0,0,2,0,0,198,0.0
27217,大阪府,松原市,115566,0,0,0,43,0,0,0,1,0,0,43,0.0
27218,大阪府,大東市,118351,0,0,0,86,0,0,0,1,0,0,86,0.0
27219,大阪府,和泉市,186251,0,0,0,269,0,0,0,2,0,0,269,0.0
27220,大阪府,箕面市,136102,0,0,0,199,0,0,0,3,0,0,199,0.0
27221,大阪府,柏原市,67055,0,0,0,2,0,0,0,4,0,0,2,0.0
27222,大阪府,羽曳野市,107070,0,0,0,42,0,0,0,2,1,0,42,0.0
27223,大阪府,門真市,115661,0,0,0,51,0,0,0,3,0,0,51,0.0
27224,大阪府,摂津市,82645,0,0,0,88,0,0,0,3,0,0,88,0.0
27225,大阪府,高石市,53464,0,0,0,8,0,0,0,3,0,0,8,0.0
27226,大阪府,藤井寺市,64102,0,0,0,14,0,0,0,2,0,0,14,0.0
27227,大阪府,東大阪市,490858,0,0,0,138,0,0,0,6,0,0,138,0.0
27228,大阪府,泉南市,60106,0,0,0,88,0,0,0,2,0,0,88,0.0
27229,大阪府,四條畷市,54236,0,0,0,89,0,0,0,1,0,0,89,0.0
27230,大阪府,交野市,74314,0,0,0,58,0,0,0,2,0,0,58,0.0
27231,大阪府,大阪狭山市,57069,0,0,0,95,0,0,0,1,0,0,95,0.0
27232,大阪府,阪南市,51395,0,0,0,91,0,0,0,2,0,0,91,0.0
27301,大阪府,島本町,29920,0,0,0,8,0,0,0,2,0,0,8,0.0
27321,大阪府,豊能町,18164,0,0,0,44,0,0,0,1,0,0,44,0.0
27322,大阪府,能勢町,9111,0,0,0,45,0,0,0,0,0,0,45,0.0
27341,大阪府,忠岡町,16373,0,0,0,0,0,0,0,1,0,0,0,
27361,大阪府,熊取町,43381,0,0,0,77,0,0,0,1,0,0,77,0.0
27362,大阪府,田尻町,8527,0,0,0,36,0,0,0,3,0,0,36,0.0
27366,大阪府,岬町,14381,0,0,0,1,0,0,0,2,0,0,1,0.0
27381,大阪府,太子町,13188,0,0,0,40,0,0,0,1,0,0,40,0.0
27382,大阪府,河南町,15412,0,0,0,104,0,0,0,0,2,0,104,0.0
27383,大阪府,千早赤阪村,4839,0,0,0,28,0,0,0,0,0,0,28,0.0
28101,兵庫県,神戸市東灘区,215307,0,0,5,177,0,0,0,4,1,5,182,2.7
28102,兵庫県,神戸市灘区,138701,0,0,2,134,0,0,0,6,4,2,136,1.5
28105,兵庫県,神戸市兵庫区,106075,0,0,0,82,0,0,0,8,0,0,82,0.0
28106,兵庫県,神戸市長田区,94117,0,0,0,59,0,0,0,7,1,0,59,0.0
28107,兵庫県,神戸市須磨区,156433,0,0,4,233,0,0,0,5,6,4,237,1.7
28108,兵庫県,神戸市垂水区,216653,0,0,37,212,0,0,0,2,3,37,249,14.9
28109,兵庫県,神戸市北区,212605,0,0,23,317,0,0,0,6,7,23,340,6.8
28110,兵庫県,神戸市中央区,142718,0,0,15,155,0,0,0,11,13,15,170,8.8
28111,兵庫県,神戸市西区,243367,0,0,1,456,0,0,0,3,2,1,457,0.2
28201,兵庫県,姫路市,529772,0,0,6,704,0,0,0,6,28,6,710,0.8
28202,兵庫県,尼崎市,444350,0,0,0,313,0,0,0,9,18,0,313,0.0
28203,兵庫県,明石市,292443,0,0,214,180,0,0,0,3,2,214,394,54.3
28204,兵庫県,西宮市,488486,0,0,130,286,0,0,0,8,33,130,416,31.2
28205,兵庫県,洲本市,41169,0,0,63,82,0,0,0,0,15,63,145,43.4
28206,兵庫県,芦屋市,94531,0,0,0,87,0,0,0,3,10,0,87,0.0
28207,兵庫県,伊丹市,195727,0,0,0,187,0,0,0,3,30,0,187,0.0
28208,兵庫県,相生市,28952,0,0,0,71,0,0,0,3,14,0,71,0.0
28209,兵庫県,豊岡市,78760,0,0,155,306,0,1,0,1,63,155,461,33.6
28210,兵庫県,加古川市,265459,0,0,201,163,0,0,0,4,26,201,364,55.2
28212,兵庫県,赤穂市,46326,0,0,189,28,0,0,0,3,30,189,217,87.1
28213,兵庫県,西脇市,38775,0,0,111,51,0,0,0,1,27,111,162,68.5
28214,兵庫県,宝塚市,222090,0,0,17,207,0,0,0,3,26,17,224,7.6
28215,兵庫県,三木市,73238,0,0,0,268,0,0,0,2,48,0,268,0.0
28216,兵庫県,高砂市,87562,0,0,52,13,0,0,0,3,30,52,65,80.0
28217,兵庫県,川西市,154836,0,0,4,116,0,0,0,4,25,4,120,3.3
28218,兵庫県,小野市,47309,0,0,171,8,0,0,0,3,32,171,179,95.5
28219,兵庫県,三田市,110281,0,0,0,278,0,0,0,3,6,0,278,0.0
28220,兵庫県,加西市,42399,0,0,151,58,0,0,0,1,20,151,209,72.2
28221,兵庫県,丹波篠山市,39514,0,0,0,312,0,0,0,1,12,0,312,0.0
28222,兵庫県,養父市,22282,0,0,0,278,0,1,0,0,26,0,278,0.0
28223,兵庫県,丹波市,61510,0,0,0,139,0,0,0,2,24,0,139,0.0
28224,兵庫県,南あわじ市,44024,0,0,247,41,0,0,0,0,40,247,288,85.8
28225,兵庫県,朝来市,28905,0,0,8,307,0,1,0,1,35,8,315,2.5
28226,兵庫県,淡路市,41377,0,0,136,29,0,0,0,0,39,136,165,82.4
28227,兵庫県,宍粟市,34507,0,0,307,256,0,0,0,0,25,307,563,54.5
28228,兵庫県,加東市,40071,0,0,4,103,0,0,0,1,56,4,107,3.7
28229,兵庫県,たつの市,73887,0,0,85,49,0,0,0,3,48,85,134,63.4
28301,兵庫県,猪名川町,29914,0,0,114,47,0,0,0,1,1,114,161,70.8
28365,兵庫県,多可町,19444,0,0,0,138,0,0,0,0,28,0,138,0.0
28381,兵庫県,稲美町,30697,0,0,0,35,0,0,0,0,9,0,35,0.0
28382,兵庫県,播磨町,33544,0,0,4,20,0,0,0,1,5,4,24,16.7
28442,兵庫県,市川町,11305,0,0,74,26,0,0,0,1,7,74,100,74.0
28443,兵庫県,福崎町,20020,0,0,99,8,0,0,0,1,9,99,107,92.5
28446,兵庫県,神河町,10583,0,0,252,8,0,0,0,1,12,252,260,96.9
28464,兵庫県,太子町,33412,0,0,0,18,0,0,0,1,8,0,18,0.0
28481,兵庫県,上郡町,13812,0,0,97,11,0,0,0,2,7,97,108,89.8
28501,兵庫県,佐用町,15875,0,0,20,11,0,0,0,2,24,20,31,64.5
28585,兵庫県,香美町,16412,0,0,0,189,0,1,0,0,41,0,189,0.0
28586,兵庫県,新温泉町,13688,0,0,132,0,0,1,0,0,26,132,132,100.0
29201,奈良県,奈良市,352289,2,0,21,442,0,0,0,5,127,23,465,4.9
29202,奈良県,大和高田市,60451,0,0,70,9,0,0,0,5,6,70,79,88.6
29203,奈良県,大和郡山市,84332,0,0,67,53,0,0,0,3,15,67,120,55.8
29204,奈良県,天理市,64969,0,0,0,95,0,0,0,2,27,0,95,0.0
29205,奈良県,橿原市,121690,0,0,3,76,0,0,0,5,15,3,79,3.8
29206,奈良県,桜井市,54162,0,0,0,88,0,0,0,2,27,0,88,0.0
29207,奈良県,五條市,27594,0,0,0,161,0,0,0,1,38,0,161,0.0
29208,奈良県,御所市,24771,0,0,1,100,0,0,0,3,2,1,101,1.0
29209,奈良県,生駒市,117138,0,0,0,204,0,0,0,4,8,0,204,0.0
29210,奈良県,香芝市,78897,0,0,0,77,0,0,0,3,6,0,77,0.0
29211,奈良県,葛城市,36918,0,0,0,71,0,0,0,3,14,0,71,0.0
29212,奈良県,宇陀市,28078,0,0,5,77,0,0,0,1,35,5,82,6.1
29322,奈良県,山添村,3278,0,0,0,22,0,0,0,0,23,0,22,0.0
29342,奈良県,平群町,17913,0,0,0,81,0,0,0,1,2,0,81,0.0
29343,奈良県,三郷町,23530,0,0,0,26,0,0,0,2,6,0,26,0.0
29344,奈良県,斑鳩町,26532,0,0,0,55,0,0,0,1,14,0,55,0.0
29345,奈良県,安堵町,6982,0,0,0,33,0,0,0,1,5,0,33,0.0
29361,奈良県,川西町,8220,0,0,0,25,0,0,0,1,0,0,25,0.0
29362,奈良県,三宅町,6253,0,0,0,0,0,0,0,2,1,0,0,
29363,奈良県,田原本町,30970,0,0,0,1,0,0,0,2,2,0,1,0.0
29385,奈良県,曽爾村,1330,0,0,37,4,0,0,0,0,14,37,41,90.2
29386,奈良県,御杖村,1494,0,0,3,1,0,0,0,0,8,3,4,75.0
29401,奈良県,高取町,6705,0,0,0,11,0,0,0,2,8,0,11,0.0
29402,奈良県,明日香村,5108,0,0,0,55,0,0,0,1,22,0,55,0.0
29424,奈良県,上牧町,20084,0,0,0,16,0,0,0,0,0,0,16,0.0
29425,奈良県,王寺町,23233,0,0,0,27,0,0,0,4,3,0,27,0.0
29426,奈良県,広陵町,33466,0,0,0,79,0,0,0,1,2,0,79,0.0
29427,奈良県,河合町,17037,0,0,0,6,0,0,0,1,4,0,6,0.0
29441,奈良県,吉野町,6311,0,0,0,144,0,0,0,1,50,0,144,0.0
29442,奈良県,大淀町,16840,0,0,0,86,0,0,0,1,5,0,86,0.0
29443,奈良県,下市町,4764,0,0,0,50,0,0,0,1,3,0,50,0.0
29444,奈良県,黒滝村,543,0,0,0,7,0,0,0,0,3,0,7,0.0
29446,奈良県,天川村,1130,0,0,0,23,0,0,0,0,37,0,23,0.0
29447,奈良県,野迫川村,358,0,0,4,0,0,0,0,0,7,4,4,100.0
29449,奈良県,十津川村,3027,0,0,0,279,0,0,0,0,20,0,279,0.0
29450,奈良県,下北山村,775,0,0,0,21,0,0,0,0,10,0,21,0.0
29451,奈良県,上北山村,419,0,0,0,16,0,0,0,0,8,0,16,0.0
29452,奈良県,川上村,1048,0,0,0,62,0,0,0,0,17,0,62,0.0
29453,奈良県,東吉野村,1436,0,0,0,85,0,0,0,0,9,0,85,0.0
30201,和歌山県,和歌山市,355564,0,0,3,264,0,0,0,7,65,3,267,1.1
30202,和歌山県,海南市,48765,0,0,3,184,0,0,0,1,16,3,187,1.6
30203,和歌山県,橋本市,60483,0,0,52,78,0,0,0,2,2,52,130,40.0
30204,和歌山県,有田市,26320,0,0,0,55,0,0,0,1,3,0,55,0.0
30205,和歌山県,御坊市,23311,0,0,67,1,0,0,0,2,10,67,68,98.5
30206,和歌山県,田辺市,70455,0,0,459,20,0,0,0,1,40,459,479,95.8
30207,和歌山県,新宮市,27150,0,0,136,1,0,0,0,2,11,136,137,99.3
30208,和歌山県,紀の川市,59167,0,0,284,16,0,0,0,2,15,284,300,94.7
30209,和歌山県,岩出市,54072,0,0,125,11,0,0,0,2,6,125,136,91.9
30304,和歌山県,紀美野町,8092,0,0,0,143,0,0,0,0,8,0,143,0.0
30341,和歌山県,かつらぎ町,15670,0,0,48,3,0,0,0,1,10,48,51,94.1
30343,和歌山県,九度山町,3788,0,0,0,0,0,0,0,1,10,0,0,
30344,和歌山県,高野町,2858,0,0,33,14,0,0,0,2,5,33,47,70.2
30361,和歌山県,湯浅町,11136,0,0,23,1,0,0,0,1,2,23,24,95.8
30362,和歌山県,広川町,6731,0,0,31,1,0,0,0,1,2,31,32,96.9
30366,和歌山県,有田川町,25613,0,0,141,125,0,0,0,1,7,141,266,53.0
30381,和歌山県,美浜町,6922,0,0,15,0,0,0,0,0,0,15,15,100.0
30382,和歌山県,日高町,7666,0,0,23,0,0,0,0,1,1,23,23,100.0
30383,和歌山県,由良町,5152,0,0,37,2,0,0,0,1,4,37,39,94.9
30390,和歌山県,印南町,7510,0,0,32,4,0,0,0,1,3,32,36,88.9
30391,和歌山県,みなべ町,11887,0,0,12,12,0,0,0,1,3,12,24,50.0
30392,和歌山県,日高川町,9001,0,0,78,37,0,0,0,1,0,78,115,67.8
30401,和歌山県,白浜町,20388,0,0,80,1,0,0,0,1,12,80,81,98.8
30404,和歌山県,上富田町,14871,0,0,58,60,0,0,0,1,1,58,118,49.2
30406,和歌山県,すさみ町,3618,0,0,1,0,0,0,0,1,1,1,1,100.0
30421,和歌山県,那智勝浦町,14247,0,0,44,81,0,0,0,1,17,44,125,35.2
30422,和歌山県,太地町,2826,0,0,3,36,0,0,0,1,1,3,39,7.7
30424,和歌山県,古座川町,2528,0,0,0,51,0,0,0,0,1,0,51,0.0
30427,和歌山県,北山村,390,0,0,2,0,0,0,0,0,1,2,2,100.0
30428,和歌山県,串本町,14971,0,0,9,112,0,0,0,1,2,9,121,7.4
31201,鳥取県,鳥取市,189395,0,0,0,849,0,1,0,1,68,0,849,0.0
31202,鳥取県,米子市,149513,0,0,0,415,0,1,0,2,24,0,415,0.0
31203,鳥取県,倉吉市,47262,0,0,0,226,0,1,0,0,18,0,226,0.0
31204,鳥取県,境港市,32876,3,0,0,32,0,0,0,1,9,3,35,8.6
31302,鳥取県,岩美町,10582,0,0,2,45,0,1,0,0,13,2,47,4.3
31325,鳥取県,若桜町,2837,0,0,0,7,0,0,0,1,11,0,7,0.0
31328,鳥取県,智頭町,6527,0,0,0,88,0,0,0,2,2,0,88,0.0
31329,鳥取県,八頭町,15589,0,0,0,28,0,0,0,2,6,0,28,0.0
31364,鳥取県,三朝町,5965,0,0,0,93,0,0,0,0,6,0,93,0.0
31370,鳥取県,湯梨浜町,16026,0,0,0,50,0,1,0,0,12,0,50,0.0
31371,鳥取県,琴浦町,16260,0,0,0,171,0,1,0,0,5,0,171,0.0
31372,鳥取県,北栄町,14110,0,0,0,34,0,1,0,0,6,0,34,0.0
31384,鳥取県,日吉津村,3499,0,0,0,19,0,0,0,0,1,0,19,0.0
31386,鳥取県,大山町,15438,0,0,0,63,0,1,0,0,20,0,63,0.0
31389,鳥取県,南部町,10319,0,0,0,76,0,0,0,0,3,0,76,0.0
31390,鳥取県,伯耆町,10558,0,0,0,143,0,0,0,1,6,0,143,0.0
31401,鳥取県,日南町,4132,0,0,0,4,0,0,0,1,5,0,4,0.0
31402,鳥取県,日野町,2837,0,0,0,9,0,0,0,1,5,0,9,0.0
31403,鳥取県,江府町,2642,0,0,0,15,0,0,0,1,4,0,15,0.0
32201,島根県,松江市,202991,489,0,0,509,0,1,0,2,64,489,998,49.0
32202,島根県,浜田市,55098,0,0,0,518,0,1,0,0,26,0,518,0.0
32203,島根県,出雲市,171491,163,0,0,323,0,1,0,2,49,163,486,33.5
32204,島根県,益田市,45114,0,0,54,257,0,1,0,1,5,54,311,17.4
32205,島根県,大田市,32449,0,0,0,285,0,1,0,0,16,0,285,0.0
32206,島根県,安来市,37255,0,0,0,317,0,1,0,0,10,0,317,0.0
32207,島根県,江津市,22844,0,0,0,114,0,1,0,0,7,0,114,0.0
32209,島根県,雲南市,36353,0,0,0,412,0,0,0,1,18,0,412,0.0
32343,島根県,奥出雲町,11776,0,0,0,175,0,0,0,1,11,0,175,0.0
32386,島根県,飯南町,4561,0,0,0,102,0,0,0,0,9,0,102,0.0
32441,島根県,川本町,3148,0,0,0,22,0,0,0,0,1,0,22,0.0
32448,島根県,美郷町,4384,0,0,0,150,0,0,0,0,2,0,150,0.0
32449,島根県,邑南町,10267,0,0,0,27,0,0,0,0,8,0,27,0.0
32501,島根県,津和野町,6843,0,0,2,242,0,0,0,1,9,2,244,0.8
32505,島根県,吉賀町,5923,0,0,0,147,0,0,0,0,5,0,147,0.0
32525,島根県,海士町,2288,0,0,0,36,0,0,0,0,2,0,36,0.0
32526,島根県,西ノ島町,2780,0,0,0,27,0,0,0,0,2,0,27,0.0
32527,島根県,知夫村,558,0,0,0,0,0,0,0,0,1,0,0,
32528,島根県,隠岐の島町,13674,0,0,0,78,0,0,0,0,6,0,78,0.0
33101,岡山県,岡山市北区,312398,217,0,2,536,0,0,0,7,61,219,755,29.0
33102,岡山県,岡山市中区,147905,92,0,0,121,0,0,0,4,6,92,213,43.2
33103,岡山県,岡山市東区,95405,41,0,0,97,0,0,0,3,19,41,138,29.7
33104,岡山県,岡山市南区,169756,43,0,0,139,0,0,0,2,8,43,182,23.6
33202,岡山県,倉敷市,476247,295,0,3,152,0,1,0,7,36,298,450,66.2
33203,岡山県,津山市,100325,0,0,70,466,0,0,0,3,54,70,536,13.1
33204,岡山県,玉野市,56793,59,0,0,203,0,0,0,1,14,59,262,22.5
33205,岡山県,笠岡市,47246,0,0,0,162,0,0,0,2,15,0,162,0.0
33207,岡山県,井原市,38781,0,0,203,18,0,0,0,1,24,203,221,91.9
33208,岡山県,総社市,67119,0,0,0,63,0,0,0,4,20,0,63,0.0
33209,岡山県,高梁市,29378,0,0,4,519,0,0,0,1,40,4,523,0.8
33210,岡山県,新見市,27633,0,0,200,259,0,0,0,3,21,200,459,43.6
33211,岡山県,備前市,32353,17,0,22,168,0,0,0,3,28,39,207,18.8
33212,岡山県,瀬戸内市,35776,5,0,258,12,0,0,0,1,19,263,275,95.6
33213,岡山県,赤磐市,42531,290,0,0,35,0,0,0,1,15,290,325,89.2
33214,岡山県,真庭市,43302,0,0,53,18,0,0,0,1,73,53,71,74.6
33215,岡山県,美作市,25460,62,0,15,219,0,0,0,2,23,77,296,26.0
33216,岡山県,浅口市,32399,0,0,0,21,0,0,0,2,9,0,21,0.0
33346,岡山県,和気町,13453,21,0,0,9,0,0,0,1,8,21,30,70.0
33423,岡山県,早島町,12034,0,0,0,1,0,0,0,1,6,0,1,0.0
33445,岡山県,里庄町,10902,0,0,0,4,0,0,0,1,2,0,4,0.0
33461,岡山県,矢掛町,13325,0,0,22,7,0,0,0,1,8,22,29,75.9
33586,岡山県,新庄村,795,0,0,0,0,0,0,0,0,6,0,0,
33606,岡山県,鏡野町,12048,0,0,119,52,0,0,0,0,35,119,171,69.6
33622,岡山県,勝央町,10936,0,0,3,26,0,0,0,1,4,3,29,10.3
33623,岡山県,奈義町,5484,0,0,1,19,0,0,0,0,7,1,20,5.0
33643,岡山県,西粟倉村,1379,0,0,0,0,0,0,0,1,10,0,0,
33663,岡山県,久米南町,4469,0,0,0,1,0,0,0,1,4,0,1,0.0
33666,岡山県,美咲町,13191,0,0,0,114,0,0,0,1,7,0,114,0.0
33681,岡山県,吉備中央町,10905,0,0,0,119,0,0,0,0,11,0,119,0.0
34101,広島県,広島市中区,141829,0,0,0,236,0,0,0,9,3,0,236,0.0
34102,広島県,広島市東区,119052,0,0,0,149,0,0,0,5,2,0,149,0.0
34103,広島県,広島市南区,145672,0,0,0,222,0,0,0,6,0,0,222,0.0
34104,広島県,広島市西区,193912,0,0,0,188,0,0,0,7,0,0,188,0.0
34105,広島県,広島市安佐南区,249432,0,0,0,423,0,0,0,2,0,0,423,0.0
34106,広島県,広島市安佐北区,139982,0,0,0,716,0,0,0,2,0,0,716,0.0
34107,広島県,広島市安芸区,79525,0,0,0,102,0,0,0,2,0,0,102,0.0
34108,広島県,広島市佐伯区,138113,0,0,0,316,0,0,0,3,0,0,316,0.0
34202,広島県,呉市,215683,2,0,0,866,0,0,0,1,14,2,868,0.2
34203,広島県,竹原市,24247,0,0,0,54,0,0,0,2,7,0,54,0.0
34204,広島県,三原市,91746,0,0,0,381,0,0,0,3,16,0,381,0.0
34205,広島県,尾道市,131661,1,0,0,580,0,0,0,2,25,1,581,0.2
34207,広島県,福山市,465995,0,0,64,752,0,0,0,4,23,64,816,7.8
34208,広島県,府中市,37660,0,0,0,149,0,0,0,1,11,0,149,0.0
34209,広島県,三次市,50813,0,0,0,354,0,0,0,2,20,0,354,0.0
34210,広島県,庄原市,33978,0,0,1,741,0,0,0,2,21,1,742,0.1
34211,広島県,大竹市,26460,0,0,0,90,0,0,0,2,5,0,90,0.0
34212,広島県,東広島市,194795,0,0,0,743,0,0,0,3,10,0,743,0.0
34213,広島県,廿日市市,115065,0,0,0,331,0,0,0,3,14,0,331,0.0
34214,広島県,安芸高田市,27699,0,0,0,317,0,0,0,1,14,0,317,0.0
34215,広島県,江田島市,21765,0,0,0,128,0,0,0,0,8,0,128,0.0
34302,広島県,府中町,51117,0,0,0,69,0,0,0,2,1,0,69,0.0
34304,広島県,海田町,28579,0,0,0,65,0,0,0,3,2,0,65,0.0
34307,広島県,熊野町,22649,0,0,0,41,0,0,0,0,2,0,41,0.0
34309,広島県,坂町,12798,0,0,0,3,0,0,0,1,1,0,3,0.0
34368,広島県,安芸太田町,5712,0,0,0,243,0,0,0,0,12,0,243,0.0
34369,広島県,北広島町,17816,0,0,0,541,0,0,0,0,1,0,541,0.0
34431,広島県,大崎上島町,7015,0,0,0,45,0,0,0,0,2,0,45,0.0
34462,広島県,世羅町,15083,0,0,0,92,0,0,0,1,2,0,92,0.0
34545,広島県,神石高原町,8235,0,0,1,55,0,0,0,0,2,1,56,1.8
35201,山口県,下関市,255147,0,0,0,518,0,1,0,3,88,0,518,0.0
35202,山口県,宇部市,164812,104,0,0,356,0,0,0,4,9,104,460,22.6
35203,山口県,山口市,197193,0,0,0,739,0,0,0,4,58,0,739,0.0
35204,山口県,萩市,45302,0,0,0,265,0,1,0,0,44,0,265,0.0
35206,山口県,防府市,114781,0,0,0,222,0,0,0,2,30,0,222,0.0
35207,山口県,下松市,55897,0,0,0,54,0,0,0,3,22,0,54,0.0
35208,山口県,岩国市,129414,0,0,0,864,0,0,0,4,33,0,864,0.0
35210,山口県,光市,49186,0,0,0,94,0,0,0,1,15,0,94,0.0
35211,山口県,長門市,32406,0,0,0,189,0,1,0,1,17,0,189,0.0
35212,山口県,柳井市,30945,0,0,0,60,0,0,0,1,12,0,60,0.0
35213,山口県,美祢市,24064,100,0,0,83,0,0,0,1,20,100,183,54.6
35215,山口県,周南市,139559,0,0,0,363,0,0,0,3,31,0,363,0.0
35216,山口県,山陽小野田市,60305,182,0,0,14,0,0,0,4,21,182,196,92.9
35305,山口県,周防大島町,15086,0,0,0,120,0,0,0,0,20,0,120,0.0
35321,山口県,和木町,6153,0,0,0,5,0,0,0,1,10,0,5,0.0
35341,山口県,上関町,2359,0,0,0,9,0,0,0,0,4,0,9,0.0
35343,山口県,田布施町,14575,0,0,0,19,0,0,0,1,8,0,19,0.0
35344,山口県,平生町,12145,0,0,0,37,0,0,0,0,10,0,37,0.0
35502,山口県,阿武町,3050,0,0,0,32,0,1,0,0,1,0,32,0.0
36201,徳島県,徳島市,252141,0,0,684,22,0,0,0,3,27,684,706,96.9
36202,徳島県,鳴門市,56335,0,0,143,6,0,0,0,2,23,143,149,96.0
36203,徳島県,小松島市,36657,0,0,75,8,0,0,0,1,10,75,83,90.4
36204,徳島県,阿南市,69672,0,0,169,39,0,0,0,1,23,169,208,81.2
36205,徳島県,吉野川市,38936,0,0,18,4,0,0,0,1,16,18,22,81.8
36206,徳島県,阿波市,34805,0,0,0,12,0,0,0,1,20,0,12,0.0
36207,徳島県,美馬市,28374,0,0,0,0,0,0,0,1,15,0,0,
36208,徳島県,三好市,23767,0,0,351,35,0,0,0,2,26,351,386,90.9
36301,徳島県,勝浦町,4802,0,0,22,0,0,0,0,0,3,22,22,100.0
36302,徳島県,上勝町,1351,0,0,0,24,0,0,0,0,3,0,24,0.0
36321,徳島県,佐那河内村,2072,0,0,16,0,0,0,0,0,2,16,16,100.0
36341,徳島県,石井町,24968,0,0,36,3,0,0,0,1,5,36,39,92.3
36342,徳島県,神山町,4553,0,0,33,79,0,0,0,0,12,33,112,29.5
36368,徳島県,那賀町,7367,0,0,151,42,0,0,0,0,13,151,193,78.2
36383,徳島県,牟岐町,3723,0,0,9,0,0,0,0,1,9,9,9,100.0
36387,徳島県,美波町,6378,0,0,20,0,0,0,0,1,8,20,20,100.0
36388,徳島県,海陽町,8185,0,0,31,0,0,0,1,1,9,31,31,100.0
36401,徳島県,松茂町,15025,0,0,22,4,0,0,0,0,6,22,26,84.6
36402,徳島県,北島町,23022,0,0,28,1,0,0,0,0,2,28,29,96.6
36403,徳島県,藍住町,35403,0,0,22,2,0,0,0,1,4,22,24,91.7
36404,徳島県,板野町,12608,0,0,15,6,0,0,0,1,11,15,21,71.4
36405,徳島県,上板町,11310,0,0,7,12,0,0,0,0,9,7,19,36.8
36468,徳島県,つるぎ町,7555,0,0,0,1,0,0,0,1,8,0,1,0.0
36489,徳島県,東みよし町,14078,0,0,22,0,0,0,0,2,7,22,22,100.0
37201,香川県,高松市,419145,0,0,3,525,0,1,0,5,5,3,528,0.6
37202,香川県,丸亀市,108884,0,0,185,10,0,1,0,1,0,185,195,94.9
37203,香川県,坂出市,50500,0,0,130,25,0,2,0,0,1,130,155,83.9
37204,香川県,善通寺市,31809,17,0,32,56,0,0,0,1,0,49,105,46.7
37205,香川県,観音寺市,56001,29,0,64,26,0,1,0,0,1,93,119,78.2
37206,香川県,さぬき市,47459,0,0,0,183,0,0,0,3,0,0,183,0.0
37207,香川県,東かがわ市,28459,0,0,11,63,0,0,0,1,0,11,74,14.9
37208,香川県,三豊市,62187,295,0,0,1,0,1,0,1,0,295,296,99.7
37322,香川県,土庄町,12917,70,0,0,1,0,0,0,0,0,70,71,98.6
37324,香川県,小豆島町,13574,84,0,0,3,0,0,0,0,0,84,87,96.6
37341,香川県,三木町,26750,0,0,0,11,0,0,0,1,0,0,11,0.0
37364,香川県,直島町,2984,0,0,0,0,0,0,0,0,1,0,0,
37386,香川県,宇多津町,19295,0,0,8,0,0,2,0,0,0,8,8,100.0
37387,香川県,綾川町,22524,0,0,10,107,0,0,0,1,0,10,117,8.5
37403,香川県,琴平町,8408,11,0,8,5,0,0,0,2,3,19,24,79.2
37404,香川県,多度津町,23021,0,0,0,1,0,1,0,1,0,0,1,0.0
37406,香川県,まんのう町,17483,4,0,82,0,0,0,0,2,0,86,86,100.0
38201,愛媛県,松山市,509396,0,0,0,423,0,1,0,9,31,0,423,0.0
38202,愛媛県,今治市,149228,0,0,0,405,0,1,0,0,32,0,405,0.0
38203,愛媛県,宇和島市,70579,0,0,0,272,0,1,0,1,60,0,272,0.0
38204,愛媛県,八幡浜市,31617,1,0,0,96,0,1,0,0,16,1,97,1.0
38205,愛媛県,新居浜市,117372,0,0,0,130,0,1,0,0,34,0,130,0.0
38206,愛媛県,西条市,104056,1,0,0,299,0,1,0,0,64,1,300,0.3
38207,愛媛県,大洲市,41000,0,0,0,123,0,1,0,1,50,0,123,0.0
38210,愛媛県,伊予市,35299,0,0,0,103,0,1,0,1,38,0,103,0.0
38213,愛媛県,四国中央市,84229,0,0,3,96,0,1,0,0,25,3,99,3.0
38214,愛媛県,西予市,35754,0,0,0,394,0,1,0,0,42,0,394,0.0
38215,愛媛県,東温市,33835,0,0,0,128,0,0,0,1,16,0,128,0.0
38356,愛媛県,上島町,6361,0,0,0,1,0,0,0,0,9,0,1,0.0
38386,愛媛県,久万高原町,7306,0,0,0,39,0,0,0,0,25,0,39,0.0
38401,愛媛県,松前町,29460,0,0,0,9,0,1,0,1,1,0,9,0.0
38402,愛媛県,砥部町,20380,0,0,0,40,0,0,0,0,12,0,40,0.0
38422,愛媛県,内子町,15381,0,0,0,10,0,1,0,1,20,0,10,0.0
38442,愛媛県,伊方町,8417,0,0,0,25,0,0,0,0,15,0,25,0.0
38484,愛媛県,松野町,3679,0,0,0,6,0,0,0,1,12,0,6,0.0
38488,愛媛県,鬼北町,9796,0,0,0,69,0,0,0,1,17,0,69,0.0
38506,愛媛県,愛南町,19657,0,0,0,38,0,0,0,0,23,0,38,0.0
39201,高知県,高知市,329354,0,0,526,71,0,0,4,1,34,526,597,88.1
39202,高知県,室戸市,11659,0,0,107,0,0,0,0,0,12,107,107,100.0
39203,高知県,安芸市,16459,0,0,37,1,0,0,0,1,5,37,38,97.4
39204,高知県,南国市,46055,0,0,207,0,0,0,1,2,10,207,207,100.0
39205,高知県,土佐市,25206,167,0,6,0,0,0,0,0,4,173,173,100.0
39206,高知県,須崎市,20614,0,0,85,1,0,0,0,1,5,85,86,98.8
39208,高知県,宿毛市,19277,0,0,60,5,0,0,0,1,7,60,65,92.3
39209,高知県,土佐清水市,11739,0,0,136,1,0,0,0,0,12,136,137,99.3
39210,高知県,四万十市,32510,0,0,254,3,0,0,0,3,18,254,257,98.8
39211,高知県,香南市,32059,0,0,25,0,0,0,0,1,21,25,25,100.0
39212,高知県,香美市,25969,0,0,234,0,0,0,0,1,15,234,234,100.0
39301,高知県,東洋町,2229,0,0,22,0,0,0,1,0,4,22,22,100.0
39302,高知県,奈半利町,3033,0,0,13,0,0,0,0,1,2,13,13,100.0
39303,高知県,田野町,2489,0,0,4,0,0,0,0,1,1,4,4,100.0
39304,高知県,安田町,2299,0,0,35,1,0,0,0,1,2,35,36,97.2
39305,高知県,北川村,1165,0,0,6,0,0,0,0,0,3,6,6,100.0
39306,高知県,馬路村,721,0,0,20,0,0,0,0,0,2,20,20,100.0
39307,高知県,芸西村,3644,0,0,5,0,0,0,0,1,6,5,5,100.0
39341,高知県,本山町,3114,0,0,48,0,0,0,0,0,4,48,48,100.0
39344,高知県,大豊町,3291,0,0,19,0,0,0,0,1,3,19,19,100.0
39363,高知県,土佐町,3692,0,0,96,0,0,0,0,0,1,96,96,100.0
39364,高知県,大川村,367,0,0,31,0,0,0,0,0,0,31,31,100.0
39386,高知県,いの町,20621,20,0,188,4,0,0,1,1,9,208,212,98.1
39387,高知県,仁淀川町,4745,0,0,34,0,0,0,0,0,3,34,34,100.0
39401,高知県,中土佐町,6136,0,0,147,4,0,0,0,1,4,147,151,97.4
39402,高知県,佐川町,12309,0,0,129,16,0,0,0,1,1,129,145,89.0
39403,高知県,越知町,5292,0,0,18,0,0,0,0,0,4,18,18,100.0
39405,高知県,梼原町,3412,0,0,126,6,0,0,0,0,6,126,132,95.5
39410,高知県,日高村,4575,0,0,9,0,0,0,0,1,2,9,9,100.0
39411,高知県,津野町,5214,0,0,66,1,0,0,0,0,2,66,67,98.5
39412,高知県,四万十町,15921,0,0,384,23,0,0,0,3,12,384,407,94.3
39424,高知県,大月町,4437,0,0,241,0,0,0,0,0,4,241,241,100.0
39427,高知県,三原村,1419,0,0,0,0,0,0,0,0,0,0,0,
39428,高知県,黒潮町,10064,0,0,198,9,0,0,0,2,12,198,207,95.7
40101,福岡県,北九州市門司区,93901,0,0,23,145,0,0,0,4,0,23,168,13.7
40103,福岡県,北九州市若松区,80131,0,0,0,235,0,0,0,1,0,0,235,0.0
40105,福岡県,北九州市戸畑区,56957,0,0,2,66,0,0,0,1,0,2,68,2.9
40106,福岡県,北九州市小倉北区,180101,0,0,0,187,0,0,0,5,0,0,187,0.0
40107,福岡県,北九州市小倉南区,209486,0,0,17,223,0,0,0,3,0,17,240,7.1
40108,福岡県,北九州市八幡東区,65456,0,0,102,90,0,0,0,3,0,102,192,53.1
40109,福岡県,北九州市八幡西区,252865,0,0,8,318,0,0,0,4,0,8,326,2.5
40131,福岡県,福岡市東区,319207,0,0,5,250,0,0,0,5,4,5,255,2.0
40132,福岡県,福岡市博多区,241007,0,0,7,187,0,0,0,9,10,7,194,3.6
40133,福岡県,福岡市中央区,204403,0,0,3,127,0,0,0,3,5,3,130,2.3
40134,福岡県,福岡市南区,263172,0,0,10,185,0,0,0,4,0,10,195,5.1
40135,福岡県,福岡市西区,217483,0,0,28,206,0,0,0,3,1,28,234,12.0
40136,福岡県,福岡市城南区,132954,0,0,0,69,0,0,0,1,1,0,69,0.0
40137,福岡県,福岡市早良区,222533,0,0,0,152,0,0,0,2,2,0,152,0.0
40202,福岡県,大牟田市,110661,0,0,2,148,0,0,0,3,14,2,150,1.3
40203,福岡県,久留米市,304715,0,0,13,474,0,0,0,5,55,13,487,2.7
40204,福岡県,直方市,55921,0,0,86,61,0,0,0,3,8,86,147,58.5
40205,福岡県,飯塚市,125899,0,0,4,521,0,0,0,3,19,4,525,0.8
40206,福岡県,田川市,45848,0,0,139,33,0,0,0,5,4,139,172,80.8
40207,福岡県,柳川市,63882,0,0,8,39,0,0,0,1,15,8,47,17.0
40210,福岡県,八女市,59961,0,0,0,223,0,0,0,0,11,0,223,0.0
40211,福岡県,筑後市,47876,0,0,7,37,0,0,0,2,3,7,44,15.9
40212,福岡県,大川市,32181,0,0,0,41,0,0,0,0,6,0,41,0.0
40213,福岡県,行橋市,69827,0,0,88,49,0,0,0,2,3,88,137,64.2
40214,福岡県,豊前市,24585,0,0,117,2,0,0,0,1,25,117,119,98.3
40215,福岡県,中間市,38908,0,0,0,53,0,0,0,2,4,0,53,0.0
40216,福岡県,小郡市,57214,0,0,0,95,0,0,0,2,1,0,95,0.0
40217,福岡県,筑紫野市,101294,0,0,0,190,0,0,0,4,10,0,190,0.0
40218,福岡県,春日市,112443,0,0,161,26,0,0,0,3,1,161,187,86.1
40219,福岡県,大野城市,103123,0,0,6,145,0,0,0,2,7,6,151,4.0
40220,福岡県,宗像市,96703,0,0,340,84,0,0,0,1,25,340,424,80.2
40221,福岡県,太宰府市,73277,0,0,39,146,0,0,0,3,3,39,185,21.1
40223,福岡県,古賀市,57922,0,0,23,87,0,0,0,1,4,23,110,20.9
40224,福岡県,福津市,63018,0,0,163,49,0,0,0,1,10,163,212,76.9
40225,福岡県,うきは市,27397,0,0,0,36,0,0,0,1,13,0,36,0.0
40226,福岡県,宮若市,26652,0,0,58,35,0,0,0,1,4,58,93,62.4
40227,福岡県,嘉麻市,35013,0,0,227,26,0,0,0,1,1,227,253,89.7
40228,福岡県,朝倉市,48660,0,0,31,106,0,0,0,2,17,31,137,22.6
40229,福岡県,みやま市,35469,0,0,1,6,0,0,0,3,14,1,7,14.3
40230,福岡県,糸島市,96582,0,0,0,212,0,0,0,1,93,0,212,0.0
40305,,,49917,0,0,4,151,0,0,0,2,11,4,155,2.6
40341,福岡県,宇美町,36959,0,0,0,59,0,0,0,1,11,0,59,0.0
40342,福岡県,篠栗町,31137,0,0,4,16,0,0,0,1,21,4,20,20.0
40343,福岡県,志免町,45565,0,0,1,30,0,0,0,0,0,1,31,3.2
40344,福岡県,須恵町,27867,0,0,19,1,0,0,0,1,2,19,20,95.0
40345,福岡県,新宮町,35350,0,0,61,8,0,0,0,2,0,61,69,88.4
40348,福岡県,久山町,8393,0,0,63,2,0,0,0,1,0,63,65,96.9
40349,福岡県,粕屋町,48212,0,0,1,40,0,0,0,3,3,1,41,2.4
40381,福岡県,芦屋町,13012,0,0,23,13,0,0,0,0,8,23,36,63.9
40382,福岡県,水巻町,27714,0,0,25,8,0,0,0,2,1,25,33,75.8
40383,福岡県,岡垣町,30988,0,0,0,80,0,0,0,1,1,0,80,0.0
40384,福岡県,遠賀町,18414,0,0,12,4,0,0,0,1,0,12,16,75.0
40401,福岡県,小竹町,7009,0,0,1,4,0,0,0,2,0,1,5,20.0
40402,福岡県,鞍手町,14813,0,0,31,24,0,0,0,2,0,31,55,56.4
40421,福岡県,桂川町,12992,0,0,8,16,0,0,0,2,0,8,24,33.3
40447,福岡県,筑前町,29248,0,0,0,208,0,0,0,1,5,0,208,0.0
40448,福岡県,東峰村,1958,0,0,0,17,0,0,0,1,9,0,17,0.0
40503,福岡県,大刀洗町,14913,0,0,0,4,0,0,0,2,0,0,4,0.0
40522,福岡県,大木町,13960,0,0,0,7,0,0,0,1,3,0,7,0.0
40544,福岡県,広川町,19953,0,0,0,14,0,0,0,0,2,0,14,0.0
40601,福岡県,香春町,9976,0,0,10,8,0,0,0,2,0,10,18,55.6
40602,福岡県,添田町,8918,0,0,43,19,0,0,0,1,4,43,62,69.4
40604,福岡県,糸田町,8309,0,0,0,14,0,0,0,1,1,0,14,0.0
40605,福岡県,川崎町,15209,0,0,10,4,0,0,0,1,17,10,14,71.4
40608,福岡県,大任町,4775,0,0,0,0,0,0,0,0,12,0,0,
40609,福岡県,赤村,2832,0,0,0,0,0,0,0,1,3,0,0,
40610,福岡県,福智町,21091,0,0,0,14,0,0,0,2,4,0,14,0.0
40621,福岡県,苅田町,33615,0,0,114,18,0,0,0,1,0,114,132,86.4
40625,福岡県,みやこ町,18939,0,0,32,0,0,0,0,1,4,32,32,100.0
40642,福岡県,吉富町,6270,0,0,7,36,0,0,0,1,10,7,43,16.3
40646,福岡県,上毛町,7019,0,0,3,13,0,0,0,0,3,3,16,18.8
40647,福岡県,築上町,17516,0,0,102,6,0,0,0,1,7,102,108,94.4
41201,佐賀県,佐賀市,234128,0,0,0,644,0,0,0,2,35,0,644,0.0
41202,佐賀県,唐津市,117932,0,0,0,457,0,0,0,2,52,0,457,0.0
41203,佐賀県,鳥栖市,74678,0,0,0,171,0,0,0,3,18,0,171,0.0
41204,佐賀県,多久市,18154,0,0,0,28,0,0,0,1,13,0,28,0.0
41205,佐賀県,伊万里市,53008,0,0,122,97,0,0,0,2,15,122,219,55.7
41206,佐賀県,武雄市,47255,0,0,0,205,0,0,0,2,13,0,205,0.0
41207,佐賀県,鹿島市,28253,0,0,0,95,0,0,0,1,16,0,95,0.0
41208,佐賀県,小城市,43114,0,0,0,221,0,0,0,2,11,0,221,0.0
41209,佐賀県,嬉野市,25789,0,0,0,152,0,0,0,1,17,0,152,0.0
41210,佐賀県,神埼市,30763,0,0,0,192,0,0,0,1,7,0,192,0.0
41327,佐賀県,吉野ヶ里町,16292,0,0,0,36,0,0,0,1,8,0,36,0.0
41341,佐賀県,基山町,17144,0,0,0,63,0,0,0,2,6,0,63,0.0
41345,佐賀県,上峰町,9266,0,0,0,18,0,0,0,0,1,0,18,0.0
41346,佐賀県,みやき町,24299,0,0,0,164,0,0,0,1,0,0,164,0.0
41387,佐賀県,玄海町,5397,0,0,0,34,0,0,0,0,2,0,34,0.0
41401,佐賀県,有田町,19227,0,0,0,77,0,0,0,2,18,0,77,0.0
41423,佐賀県,大町町,6194,0,0,0,38,0,0,0,1,0,0,38,0.0
41424,佐賀県,江北町,9523,0,0,0,37,0,0,0,2,2,0,37,0.0
41425,佐賀県,白石町,22245,0,0,0,64,0,0,0,2,12,0,64,0.0
41441,佐賀県,太良町,7823,0,0,0,135,0,0,0,1,8,0,135,0.0
42201,長崎県,長崎市,413353,0,0,0,1459,0,0,0,7,74,0,1459,0.0
42202,長崎県,佐世保市,248176,0,0,0,754,0,0,0,3,38,0,754,0.0
42203,長崎県,島原市,43426,1,0,0,62,0,0,0,1,26,1,63,1.6
42204,長崎県,諫早市,134718,0,0,0,454,0,0,0,4,41,0,454,0.0
42205,長崎県,大村市,93953,0,0,0,176,0,0,0,2,15,0,176,0.0
42207,長崎県,平戸市,28890,0,0,112,179,0,0,0,1,59,112,291,38.5
42208,長崎県,松浦市,21403,0,0,0,166,0,0,0,1,28,0,166,0.0
42209,長崎県,対馬市,28121,0,0,0,278,0,0,0,0,16,0,278,0.0
42210,長崎県,壱岐市,24864,0,0,0,188,0,0,0,0,10,0,188,0.0
42211,長崎県,五島市,33902,0,0,0,287,0,0,0,0,0,0,287,0.0
42212,長崎県,西海市,26369,0,0,0,306,0,0,0,0,24,0,306,0.0
42213,長崎県,雲仙市,40936,0,0,0,154,0,0,0,1,5,0,154,0.0
42214,長崎県,南島原市,42649,0,0,0,154,0,0,0,0,26,0,154,0.0
42307,長崎県,長与町,42111,0,0,0,112,0,0,0,1,3,0,112,0.0
42308,長崎県,時津町,29146,0,0,0,74,0,0,0,0,2,0,74,0.0
42321,長崎県,東彼杵町,7727,0,0,0,15,0,0,0,2,4,0,15,0.0
42322,長崎県,川棚町,13414,0,0,0,18,0,0,0,1,7,0,18,0.0
42323,長崎県,波佐見町,14441,0,0,0,35,0,0,0,0,7,0,35,0.0
42383,長崎県,小値賀町,2234,0,0,0,36,0,0,0,0,0,0,36,0.0
42391,長崎県,佐々町,13485,0,0,0,21,0,0,0,1,11,0,21,0.0
42411,長崎県,新上五島町,17278,0,0,0,179,0,0,0,0,15,0,179,0.0
43101,熊本県,熊本市中央区,187844,0,0,384,0,0,0,6,3,25,384,384,100.0
43102,熊本県,熊本市東区,192476,0,0,278,1,0,0,1,1,3,278,279,99.6
43103,熊本県,熊本市西区,92327,0,0,202,0,0,0,4,3,5,202,202,100.0
43104,熊本県,熊本市南区,127711,0,0,218,5,0,0,0,3,7,218,223,97.8
43105,熊本県,熊本市北区,142705,0,0,262,7,0,0,2,3,13,262,269,97.4
43202,熊本県,八代市,121745,0,0,221,67,0,0,0,4,26,221,288,76.7
43203,熊本県,人吉市,31889,0,0,137,2,0,0,0,2,19,137,139,98.6
43204,熊本県,荒尾市,50890,0,0,120,13,0,0,0,1,16,120,133,90.2
43205,熊本県,水俣市,23778,0,0,220,96,0,0,0,2,16,220,316,69.6
43206,熊本県,玉名市,63694,0,0,75,17,0,0,0,2,23,75,92,81.5
43208,熊本県,山鹿市,49150,0,0,84,26,0,0,0,0,35,84,110,76.4
43210,熊本県,菊池市,46058,0,0,105,34,0,0,0,0,28,105,139,75.5
43211,熊本県,宇土市,36038,0,0,79,81,0,0,0,3,13,79,160,49.4
43212,熊本県,上天草市,24158,0,0,150,33,0,0,0,0,16,150,183,82.0
43213,熊本県,宇城市,57357,0,0,124,21,0,0,0,3,16,124,145,85.5
43214,熊本県,阿蘇市,25564,0,0,81,13,0,0,0,1,21,81,94,86.2
43215,熊本県,天草市,76249,0,0,398,90,0,0,0,0,27,398,488,81.6
43216,熊本県,合志市,61182,0,0,105,59,0,0,1,0,6,105,164,64.0
43348,熊本県,美里町,9286,0,0,64,27,0,0,0,0,3,64,91,70.3
43364,熊本県,玉東町,4975,0,0,5,0,0,0,0,1,1,5,5,100.0
43367,熊本県,南関町,8969,0,0,25,3,0,0,0,0,6,25,28,89.3
43368,熊本県,長洲町,15098,0,0,0,2,0,0,0,1,4,0,2,0.0
43369,熊本県,和水町,9278,0,0,32,1,0,0,0,0,10,32,33,97.0
43403,熊本県,大津町,34872,0,0,65,4,0,0,0,1,10,65,69,94.2
43404,熊本県,菊陽町,43774,0,0,100,11,0,0,0,1,4,100,111,90.1
43423,熊本県,南小国町,3769,0,0,42,3,0,0,0,0,10,42,45,93.3
43424,熊本県,小国町,6499,0,0,53,24,0,0,0,0,8,53,77,68.8
43425,熊本県,産山村,1383,0,0,0,12,0,0,0,0,10,0,12,0.0
43428,熊本県,高森町,5885,0,0,101,9,0,0,0,1,14,101,110,91.8
43432,熊本県,西原村,6634,0,0,16,1,0,0,0,0,7,16,17,94.1
43433,熊本県,南阿蘇村,11029,0,0,114,24,0,0,0,2,33,114,138,82.6
43441,熊本県,御船町,16511,0,0,52,38,0,0,0,0,5,52,90,57.8
43442,熊本県,嘉島町,8989,0,0,22,0,0,0,0,0,3,22,22,100.0
43443,熊本県,益城町,31895,0,0,54,10,0,0,0,0,15,54,64,84.4
43444,熊本県,甲佐町,10124,0,0,37,2,0,0,0,0,9,37,39,94.9
43447,熊本県,山都町,13498,0,0,40,32,0,0,0,0,12,40,72,55.6
43468,熊本県,氷川町,11217,0,0,20,0,0,0,0,1,6,20,20,100.0
43482,熊本県,芦北町,16019,0,0,32,2,0,0,0,3,8,32,34,94.1
43484,熊本県,津奈木町,4248,0,0,16,2,0,0,0,2,3,16,18,88.9
43501,熊本県,錦町,10231,0,0,36,0,0,0,0,1,3,36,36,100.0
43505,熊本県,多良木町,8952,0,0,17,0,0,0,0,1,6,17,17,100.0
43506,熊本県,湯前町,3584,0,0,10,0,0,0,0,1,5,10,10,100.0
43507,熊本県,水上村,2057,0,0,29,0,0,0,0,0,2,29,29,100.0
43510,熊本県,相良村,4034,0,0,48,1,0,0,0,1,3,48,49,98.0
43511,熊本県,五木村,908,0,0,15,0,0,0,0,0,3,15,15,100.0
43512,熊本県,山江村,3147,0,0,3,0,0,0,0,0,2,3,3,100.0
43513,熊本県,球磨村,3204,0,0,47,56,0,0,0,1,4,47,103,45.6
43514,熊本県,あさぎり町,14330,0,0,22,0,0,0,0,1,1,22,22,100.0
43531,熊本県,苓北町,7059,0,0,23,0,0,0,0,0,5,23,23,100.0
44201,大分県,大分市,479341,0,0,26,861,0,0,0,3,27,26,887,2.9
44202,大分県,別府市,118198,0,0,11,310,0,0,0,2,10,11,321,3.4
44203,大分県,中津市,82808,0,0,320,346,0,0,0,1,25,320,666,48.0
44204,大分県,日田市,61962,0,0,5,279,0,0,0,2,39,5,284,1.8
44205,大分県,佐伯市,67229,0,0,0,467,0,0,0,1,51,0,467,0.0
44206,大分県,臼杵市,35907,0,0,0,408,0,0,0,1,13,0,408,0.0
44207,大分県,津久見市,16069,0,0,0,127,0,0,0,1,6,0,127,0.0
44208,大分県,竹田市,20346,0,0,3,293,0,0,0,1,42,3,296,1.0
44209,大分県,豊後高田市,21638,0,0,0,217,0,0,0,0,22,0,217,0.0
44210,大分県,杵築市,28298,0,0,0,373,0,0,0,1,25,0,373,0.0
44211,大分県,宇佐市,53128,0,0,0,662,0,0,0,1,9,0,662,0.0
44212,大分県,豊後大野市,33812,0,0,0,701,0,0,0,1,4,0,701,0.0
44213,大分県,由布市,33557,0,0,4,462,0,0,0,1,11,4,466,0.9
44214,大分県,国東市,25781,0,0,0,596,0,0,0,0,25,0,596,0.0
44322,大分県,姫島村,1761,0,0,0,0,0,0,0,0,2,0,0,
44341,大分県,日出町,27575,0,0,0,182,0,0,0,1,8,0,182,0.0
44461,大分県,九重町,8862,0,0,2,42,0,0,0,1,1,2,44,4.5
44462,大分県,玖珠町,14499,0,0,190,78,0,0,0,1,0,190,268,70.9
45201,宮崎県,宮崎市,399619,0,0,0,740,0,0,0,3,41,0,740,0.0
45202,宮崎県,都城市,159293,0,0,0,546,0,0,0,2,29,0,546,0.0
45203,宮崎県,延岡市,118491,1,0,3,502,0,0,0,1,19,4,506,0.8
45204,宮崎県,日南市,50395,0,0,0,280,0,0,0,1,22,0,280,0.0
45205,宮崎県,小林市,43970,0,0,0,312,0,0,0,1,10,0,312,0.0
45206,宮崎県,日向市,59759,0,0,0,275,0,0,0,1,16,0,275,0.0
45207,宮崎県,串間市,17031,0,0,0,208,0,0,0,1,6,0,208,0.0
45208,宮崎県,西都市,28566,0,0,0,196,0,0,0,0,11,0,196,0.0
45209,宮崎県,えびの市,17635,0,0,0,36,0,0,0,2,4,0,36,0.0
45341,宮崎県,三股町,25641,0,0,0,12,0,0,0,1,8,0,12,0.0
45361,宮崎県,高原町,8589,0,0,0,68,0,0,0,1,12,0,68,0.0
45382,宮崎県,国富町,18250,0,0,0,21,0,0,0,0,4,0,21,0.0
45383,宮崎県,綾町,7231,0,0,0,10,0,0,0,0,7,0,10,0.0
45401,宮崎県,高鍋町,20131,0,0,0,111,0,0,0,1,7,0,111,0.0
45402,宮崎県,新富町,16512,0,0,0,65,0,0,0,1,5,0,65,0.0
45403,宮崎県,西米良村,968,0,0,0,18,0,0,0,0,6,0,18,0.0
45404,宮崎県,木城町,5020,0,0,0,10,0,0,0,0,10,0,10,0.0
45405,宮崎県,川南町,15145,0,0,0,36,0,0,0,1,4,0,36,0.0
45406,宮崎県,都農町,9843,0,0,0,77,0,0,0,1,5,0,77,0.0
45421,宮崎県,門川町,17314,0,0,0,96,0,0,0,1,10,0,96,0.0
45429,宮崎県,諸塚村,1498,0,0,0,17,0,0,0,0,1,0,17,0.0
45430,宮崎県,椎葉村,2479,0,0,0,19,0,0,0,0,3,0,19,0.0
45431,宮崎県,美郷町,4809,0,0,0,191,0,0,0,0,5,0,191,0.0
45441,宮崎県,高千穂町,11713,0,0,3,178,0,0,0,0,8,3,181,1.7
45442,宮崎県,日之影町,3407,0,0,2,29,0,0,0,0,2,2,31,6.5
45443,宮崎県,五ヶ瀬町,3410,0,0,0,8,0,0,0,0,9,0,8,0.0
46201,鹿児島県,鹿児島市,590877,8,0,1151,935,0,0,0,8,3,1159,2094,55.3
46203,鹿児島県,鹿屋市,101004,0,0,0,490,0,0,0,0,0,0,490,0.0
46204,鹿児島県,枕崎市,20281,0,0,0,58,0,0,0,1,0,0,58,0.0
46206,鹿児島県,阿久根市,19254,0,0,0,48,0,0,0,2,0,0,48,0.0
46208,鹿児島県,出水市,51596,0,0,0,389,0,0,0,2,1,0,389,0.0
46210,鹿児島県,指宿市,39160,0,0,1,158,0,0,0,1,1,1,159,0.6
46213,鹿児島県,西之表市,14830,2,0,0,38,0,0,0,0,0,2,40,5.0
46214,鹿児島県,垂水市,13908,0,0,0,42,0,0,0,0,0,0,42,0.0
46215,鹿児島県,薩摩川内市,92135,0,0,0,745,0,0,0,3,0,0,745,0.0
46216,鹿児島県,日置市,47285,0,0,7,299,0,0,0,2,0,7,306,2.3
46217,鹿児島県,曽於市,33616,0,0,0,531,0,0,0,1,0,0,531,0.0
46218,鹿児島県,霧島市,122991,0,0,0,863,0,0,0,2,3,0,863,0.0
46219,鹿児島県,いちき串木野市,27305,0,0,0,137,0,0,0,1,0,0,137,0.0
46220,鹿児島県,南さつま市,32065,0,0,0,378,0,0,0,0,0,0,378,0.0
46221,鹿児島県,志布志市,29733,0,0,0,90,0,0,0,1,0,0,90,0.0
46222,鹿児島県,奄美市,40268,2,0,0,227,0,0,0,0,0,2,229,0.9
46223,鹿児島県,南九州市,33593,0,0,0,513,0,0,0,1,1,0,513,0.0
46224,鹿児島県,伊佐市,24363,0,0,0,169,0,0,0,0,0,0,169,0.0
46225,鹿児島県,姶良市,74858,0,0,33,349,0,0,0,1,0,33,382,8.6
46303,鹿児島県,三島村,355,0,0,0,0,0,0,0,0,0,0,0,
46304,鹿児島県,十島村,770,0,0,0,0,0,0,0,0,0,0,0,
46392,鹿児島県,さつま町,20619,0,0,0,185,0,0,0,0,0,0,185,0.0
46404,鹿児島県,長島町,9685,3,0,0,190,0,0,0,0,0,3,193,1.6
46452,鹿児島県,湧水町,9257,0,0,0,190,0,0,0,2,0,0,190,0.0
46468,鹿児島県,大崎町,12124,0,0,0,26,0,0,0,0,0,0,26,0.0
46482,鹿児島県,東串良町,6111,0,0,0,4,0,0,0,0,0,0,4,0.0
46490,鹿児島県,錦江町,6933,0,0,0,93,0,0,0,0,0,0,93,0.0
46491,鹿児島県,南大隅町,6397,0,0,0,55,0,0,0,0,0,0,55,0.0
46492,鹿児島県,肝付町,14323,0,0,0,61,0,0,0,0,0,0,61,0.0
46501,鹿児島県,中種子町,7494,0,0,0,94,0,0,0,0,0,0,94,0.0
46502,鹿児島県,南種子町,5236,0,0,0,83,0,0,0,0,0,0,83,0.0
46505,鹿児島県,屋久島町,12330,2,0,0,158,0,0,0,0,3,2,160,1.2
46523,鹿児島県,大和村,1389,0,0,0,0,0,0,0,0,0,0,0,
46524,鹿児島県,宇検村,1567,0,0,0,20,0,0,0,0,0,0,20,0.0
46525,鹿児島県,瀬戸内町,8328,0,0,0,48,0,0,0,0,0,0,48,0.0
46527,鹿児島県,龍郷町,5658,0,0,0,39,0,0,0,0,0,0,39,0.0
46529,鹿児島県,喜界町,6772,0,0,0,0,0,0,0,0,0,0,0,
46530,鹿児島県,徳之島町,10246,1,0,0,24,0,0,0,0,0,1,25,4.0
46531,鹿児島県,天城町,5631,0,0,0,13,0,0,0,0,0,0,13,0.0
46532,鹿児島県,伊仙町,5905,0,0,0,16,0,0,0,0,0,0,16,0.0
46533,鹿児島県,和泊町,6382,0,0,0,34,0,0,0,0,0,0,34,0.0
46534,鹿児島県,知名町,5711,0,0,0,34,0,0,0,0,0,0,34,0.0
46535,鹿児島県,与論町,4918,0,0,0,18,0,0,0,0,2,0,18,0.0
47201,沖縄県,那覇市,320000,1,0,40,394,0,0,0,1,22,41,435,9.4
47205,沖縄県,宜野湾市,99339,0,0,5,117,0,0,0,0,6,5,122,4.1
47207,沖縄県,石垣市,47770,0,0,0,135,0,0,0,0,4,0,135,0.0
47208,沖縄県,浦添市,116933,0,0,3,131,0,0,0,1,5,3,134,2.2
47209,沖縄県,名護市,62575,0,0,17,142,0,0,0,0,21,17,159,10.7
47210,沖縄県,糸満市,59177,0,0,2,148,0,0,0,0,12,2,150,1.3
47211,沖縄県,沖縄市,145975,0,0,3,201,0,0,0,0,6,3,204,1.5
47212,沖縄県,豊見城市,64242,0,0,0,100,0,0,0,0,6,0,100,0.0
47213,沖縄県,うるま市,120250,0,0,0,159,0,0,0,0,4,0,159,0.0
47214,沖縄県,宮古島市,49879,0,0,0,252,0,0,0,0,7,0,252,0.0
47215,沖縄県,南城市,43988,0,0,0,224,0,0,0,0,6,0,224,0.0
47301,沖縄県,国頭村,4573,0,0,0,11,0,0,0,0,9,0,11,0.0
47302,沖縄県,大宜味村,2917,0,0,0,19,0,0,0,0,1,0,19,0.0
47303,沖縄県,東村,1626,0,0,0,0,0,0,0,0,3,0,0,
47306,沖縄県,今帰仁村,9521,0,0,26,27,0,0,0,0,3,26,53,49.1
47308,沖縄県,本部町,13178,0,0,22,62,0,0,0,0,5,22,84,26.2
47311,沖縄県,恩納村,11065,0,0,0,62,0,0,0,0,7,0,62,0.0
47313,沖縄県,宜野座村,5853,0,0,0,10,0,0,0,0,3,0,10,0.0
47314,沖縄県,金武町,11382,0,0,0,21,0,0,0,0,1,0,21,0.0
47315,沖縄県,伊江村,3967,0,0,0,29,0,0,0,0,2,0,29,0.0
47324,沖縄県,読谷村,40224,0,0,0,120,0,0,0,0,9,0,120,0.0
47325,沖縄県,嘉手納町,13475,0,0,0,12,0,0,0,0,1,0,12,0.0
47326,沖縄県,北谷町,29057,0,0,0,80,0,0,0,0,4,0,80,0.0
47327,沖縄県,北中城村,16331,0,0,2,29,0,0,0,0,4,2,31,6.5
47328,沖縄県,中城村,21012,0,0,0,57,0,0,0,0,2,0,57,0.0
47329,沖縄県,西原町,34068,0,0,4,46,0,0,0,1,1,4,50,8.0
47348,沖縄県,与那原町,19637,0,0,0,24,0,0,0,0,1,0,24,0.0
47350,沖縄県,南風原町,39239,0,0,0,32,0,0,0,0,0,0,32,0.0
47353,沖縄県,渡嘉敷村,706,0,0,0,3,0,0,0,0,3,0,3,0.0
47354,沖縄県,座間味村,806,0,0,0,0,0,0,0,0,3,0,0,
47355,沖縄県,粟国村,691,0,0,0,0,0,0,0,0,0,0,0,
47356,沖縄県,渡名喜村,385,0,0,0,0,0,0,0,0,0,0,0,
47357,沖縄県,南大東村,1281,0,0,0,0,0,0,0,0,2,0,0,
47358,沖縄県,北大東村,607,0,0,0,0,0,0,0,0,0,0,0,
47359,沖縄県,伊平屋村,1154,0,0,0,0,0,0,0,0,4,0,0,
47360,沖縄県,伊是名村,1425,0,0,0,0,0,0,0,0,2,0,0,
47361,沖縄県,久米島町,7180,0,0,0,0,0,0,0,0,4,0,0,
47362,沖縄県,八重瀬町,31016,0,0,39,31,0,0,0,0,3,39,70,55.7
47375,沖縄県,多良間村,1074,0,0,0,0,0,0,0,0,2,0,0,
47381,沖縄県,竹富町,4043,0,0,0,32,0,0,0,0,18,0,32,0.0
47382,沖縄県,与那国町,1949,0,0,0,0,0,0,0,0,2,0,0,
