unified_id,name,lg_code,pref,city,ckan_orgs,odpt_operators,gtfs_orgs,registries,evidence,needs_review,review_reason
ckan:keisei_transit_bus,京成バス千葉ウエスト株式会社,,,,keisei_transit_bus,KeiseiTransitBus,keisei-transitbus,3,ckan_url|location|name,,
ckan:kunitachi_city,国立市道路交通課,132152,東京都,国立市,kunitachi_city,KunitachiCity,kunitachicity,3,ckan_url|lgcode|location,,
ckan:tosa_city,土佐市,392057,高知県,土佐市,tosa_city,TosaCity,tosacity,3,ckan_url|lgcode|location|name,,
ckan:otone_kotsu,大利根交通自動車株式会社,,,,otone_kotsu,OtoneKotsu,otonekotu,3,ckan_url|location|name,,
ckan:daishinto,大新東株式会社,,,,daishinto,Daishinto,daishinto,3,ckan_url|location|name,,
ckan:nagai_transportation,永井運輸株式会社,,,,nagai_transportation,NagaiTransportation,nagai-unyu,3,ckan_url|location|name,,
ckan:mizuho_town,瑞穂町,133035,東京都,瑞穂町,mizuho_town,MizuhoTown,mizuhotown,3,ckan_url|lgcode|location|name,,
ckan:tachikawa_city,立川市,132021,東京都,立川市,tachikawa_city,TachikawaCity,tachikawacity,3,ckan_url|lgcode|location|name,,
ckan:jreast,JR東日本,,,,jreast,JR-East,,2,name,,
ckan:jre-is,JR東日本アイステイションズ,,,,jre-is,jre-is,,2,name,,
ckan:tsukuba_kankou_kotsu,つくば観光交通株式会社,,,,tsukuba_kankou_kotsu,TsukubaKankouKotsu,,2,ckan_url,,
ckan:midori_city,みどり市,102121,群馬県,みどり市,midori_city,MidoriCity,,2,ckan_url,,
ckan:yurikamome,ゆりかもめ,,,,yurikamome,Yurikamome,,2,name,,
ckan:okushiri_island_ferry,オクシリアイランドフェリー株式会社,,,,okushiri_island_ferry,OkushiriIslandFerry,,2,ckan_url,,
ckan:a_line_ferry,マルエーフェリー,,,,a_line_ferry,ALineFerry,,2,ckan_url,,
ckan:shichigahama_town,七ヶ浜町,044041,宮城県,七ヶ浜町,shichigahama_town,,shichigahamatown,2,lgcode|name,,
ckan:sanwa_merchant_vessel,三和商船株式会社,,,,sanwa_merchant_vessel,SanwaMerchantVessel,,2,ckan_url,,
ckan:miyake_vill,三宅村,133817,東京都,三宅村,miyake_vill,MiyakeVill,,2,ckan_url,,
ckan:city_mitoyo_kagawa,三豊市（香川県）,372081,香川県,三豊市,city_mitoyo_kagawa,,mitoyocity,2,lgcode|location,,
ckan:joshin_hire,上信ハイヤー株式会社,,,,joshin_hire,JoshinHire,,2,ckan_url,,
ckan:city_joetsu_niigata,上越市（新潟県）,152226,新潟県,上越市,city_joetsu_niigata,,joetsucity,2,lgcode,,
ckan:shimoden,下津井電鉄株式会社,,,,shimoden,Shimoden,,2,ckan_url,,
ckan:tokyo_chuo_city,中央区役所,131024,東京都,中央区,tokyo_chuo_city,TokyoChuoCity,,2,ckan_url,,
ckan:marubun_kisen,丸文松島汽船,,,,marubun_kisen|marubunkisen,MarubunKisen,,2,ckan_url|name,yes,CKAN に同一事業者が重複登録されている
ckan:kyusho_ferry,九商フェリー,,,,kyusho_ferry|kyushoferry,KyushoFerry,,2,ckan_url|name,yes,CKAN に同一事業者が重複登録されている
ckan:keikyu,京急電鉄,,,,keikyu,Keikyu,,2,name,,
ckan:keio,京王電鉄,,,,keio,Keio,,2,name,,
ckan:keio_bus,京王電鉄バス株式会社,,,,keio_bus,KeioBus,,2,ckan_url,,
ckan:keifuku_bus,京福バス株式会社,,,,keifuku_bus,KeifukuBus,,2,ckan_url,,
ckan:kyoto_bus,京都バス株式会社,,,,kyoto_bus,KyotoBus,,2,ckan_url,,
ckan:kyoto_municipal_transportation,京都市交通局,261009,京都府,京都市,kyoto_municipal_transportation,KyotoMunicipalTransportation,,2,ckan_url,,
ckan:sendai_municipal,仙台市交通局,041009,宮城県,仙台市,sendai_municipal,SendaiMunicipal,,2,ckan_url|name,,
ckan:izuhakone_bus,伊豆箱根バス株式会社,,,,izuhakone_bus,IzuhakoneBus,,2,ckan_url,,
ckan:bingo_shosen,備後商船,,,,bingo_shosen|bingoshosen,BingoShosen,,2,ckan_url|name,yes,CKAN に同一事業者が重複登録されている
ckan:hakodate_city,函館市企業局,012025,北海道,函館市,hakodate_city,HakodateCity,,2,ckan_url,,
ckan:hokkaido_takushoku_bus,北海道拓殖バス株式会社,,,,hokkaido_takushoku_bus,HokkaidoTakushokuBus,,2,ckan_url,,
ckan:juo_bus,十王自動車株式会社,,,,juo_bus,JuoBus,,2,ckan_url,,
ckan:tokyo_taito_city,台東区,131067,東京都,台東区,tokyo_taito_city,TokyoTaitoCity,,2,ckan_url,,
ckan:nagoya_housing_city_planning_bureau,名古屋市住宅都市局,,,,nagoya_housing_city_planning_bureau,NagoyaHousingCityPlanningBureau,,2,ckan_url,,
ckan:suonada_ferry,周防灘フェリー,,,,suonada_ferry|suonadaferry,SuonadaFerry,,2,ckan_url|name,yes,CKAN に同一事業者が重複登録されている
ckan:orange_ferry,四国開発フェリー株式会社,,,,orange_ferry,OrangeFerry,,2,ckan_url,,
ckan:kokubunji_city,国分寺市,132144,東京都,国分寺市,kokubunji_city,KokubunjiCity,,2,ckan_url,,
ckan:tamamonorail,多摩都市モノレール,,,,tamamonorail,TamaMonorail,,2,name,,
ckan:oshima_bus,大島旅客自動車株式会社,,,,oshima_bus,OshimaBus,,2,ckan_url,,
ckan:himeshima_vill,姫島村（大分県）,443221,大分県,姫島村,himeshima_vill|village_himeshima_oita,HimeshimaVill,,2,ckan_url|lgcode|name,yes,CKAN に同一事業者が重複登録されている
ckan:uwajima_unyu,宇和島運輸株式会社,,,,uwajima_unyu,UwajimaUnyu,,2,ckan_url,,
ckan:uno_bus,宇野自動車株式会社,,,,uno_bus,UnoBus,,2,ckan_url,,
ckan:odakyu_bus,小田急バス,,,,odakyu_bus,OdakyuBus,,2,ckan_url|name,,
ckan:odakyu,小田急電鉄,,,,odakyu,Odakyu,,2,name,,
ckan:shodoshima_olive_bus,小豆島オリーブバス株式会社,,,,shodoshima_olive_bus,ShodoshimaOliveBus,,2,ckan_url,,
ckan:transportation_bureau_city_of_kawasaki,川崎市交通局,141305,神奈川県,川崎市,transportation_bureau_city_of_kawasaki,TransportationBureau_CityOfKawasaki,,2,ckan_url,,
ckan:kawasaki_tsurumi_rinko_bus,川崎鶴見臨港バス株式会社,,,,kawasaki_tsurumi_rinko_bus,KawasakiTsurumiRinkoBus,,2,ckan_url,,
ckan:naa,成田国際空港,,,,naa,NAA,,2,name,,
ckan:itsukishima_kisen,斎島汽船,,,,itsukishima_kisen|itsukishimakisen,ItsukishimaKisen,,2,ckan_url|name,yes,CKAN に同一事業者が重複登録されている
ckan:nippon_chuo_bus,日本中央バス株式会社,,,,nippon_chuo_bus,NipponChuoBus,,2,ckan_url,,
ckan:jat,日本空港ビルデング,,,,jat,HND-JAT,,2,name,,
ckan:jal,日本航空,,,,jal,JAL,,2,name,,
ckan:hitachi_automobile_transportation,日立自動車交通株式会社,,,,hitachi_automobile_transportation,HitachiAutomobileTransportation,,2,ckan_url,,
ckan:tokyo_suginami_city,杉並区,131156,東京都,杉並区,tokyo_suginami_city,TokyoSuginamiCity,,2,ckan_url,,
ckan:tokyometro,東京メトロ,,,,tokyometro,TokyoMetro,,2,name,,
ckan:tiat,東京国際空港ターミナル,,,,tiat,HND-TIAT,,2,name,,
ckan:twr,東京臨海高速鉄道,,,,twr,TWR,,2,name,,
ckan:toei,東京都交通局,,,,toei,Toei,,2,name,,
ckan:tokyo_cruise_ship,東京都観光汽船株式会社,,,,tokyo_cruise_ship,TokyoCruiseShip,,2,ckan_url,,
ckan:higashiyamato_city,東大和市,132209,東京都,東大和市,higashiyamato_city,HigashiyamatoCity,,2,ckan_url,,
ckan:tokyu_bus,東急バス株式会社,,,,tokyu_bus,TokyuBus,,2,ckan_url|name,,
ckan:tokyu,東急電鉄,,,,tokyu,Tokyu,,2,name,,
ckan:higashi_murayama_city,東村山市,132136,東京都,東村山市,higashi_murayama_city,HigashiMurayamaCity,,2,ckan_url,,
ckan:tobu,東武鉄道,,,,tobu,Tobu,,2,name,,
ckan:tokai_kisen,東海汽船株式会社,,,,tokai_kisen,TokaiKisen,,2,ckan_url,,
ckan:matsue_city_traffic_office,松江市交通局,322016,島根県,松江市,matsue_city_traffic_office,MatsueCityTrafficOffice,,2,ckan_url,,
ckan:joshin_kanko_bus,株式会社上信観光バス,,,,joshin_kanko_bus,JoshinKankoBus,,2,ckan_url,,
ckan:meimon_taiyo_ferry,株式会社名門大洋フェリー,,,,meimon_taiyo_ferry,MeimonTaiyoFerry,,2,ckan_url,,
ckan:gunma_bus,株式会社群馬バス,,,,gunma_bus,GunmaBus,,2,ckan_url,,
ckan:yokohama_municipal,横浜市交通局,141003,神奈川県,横浜市,yokohama_municipal,YokohamaMunicipal,,2,ckan_url|name,,
ckan:kiyose_city,清瀬市,132217,東京都,清瀬市,kiyose_city,KiyoseCity,,2,ckan_url,,
ckan:machida_city,町田市,132098,東京都,町田市,machida_city,MachidaCity,,2,ckan_url,,
ckan:sotetsu,相模鉄道,,,,sotetsu,Sotetsu,,2,name,,
ckan:sotetsu_bus,相鉄バス,,,,sotetsu_bus,SotetsuBus,,2,name,,
ckan:akita_city,秋田市,052019,秋田県,秋田市,akita_city,AkitaCity,,2,ckan_url,,
ckan:akiha_bus_service,秋葉バスサービス株式会社,,,,akiha_bus_service,AkihaBusService,,2,ckan_url,,
ckan:taneyaku_kousokusen,種子屋久高速船,,,,taneyaku_kousokusen|taneyakukousokusen,TaneyakuKousokusen,,2,ckan_url|name,yes,CKAN に同一事業者が重複登録されている
ckan:inagi_city,稲城市,132250,東京都,稲城市,inagi_city,InagiCity,,2,ckan_url,,
ckan:gunmachuo_bus,群馬中央バス株式会社,,,,gunmachuo_bus,GunmachuoBus,,2,ckan_url,,
ckan:sentetsu_bus,船木鉄道株式会社,,,,sentetsu_bus,SentetsuBus,,2,ckan_url,,
ckan:nishi_tokyo_bus,西東京バス,,,,nishi_tokyo_bus,NishiTokyoBus,,2,ckan_url|name,,
ckan:nishitokyo_city,西東京市,132292,東京都,西東京市,nishitokyo_city,NishitokyoCity,,2,ckan_url,,
ckan:seibu_bus,西武バス,,,,seibu_bus,SeibuBus,,2,name,,
ckan:seibu,西武鉄道,,,,seibu,Seibu,,2,name,,
ckan:akaiwa_city,赤磐市,332135,岡山県,赤磐市,akaiwa_city,AkaiwaCity,,2,ckan_url,,
ckan:sakataferryoffice,酒田市定期航路事業所,062049,山形県,酒田市,sakataferryoffice,,sakatacity,2,lgcode,,
ckan:kanto_bus,関東バス株式会社,,,,kanto_bus,KantoBus,,2,ckan_url,,
ckan:kan_etsu_transportation,関越交通株式会社,,,,kan_etsu_transportation,Kan_etsuTransportation,,2,ckan_url,,
ckan:hankyu_ferry,阪九フェリー株式会社,,,,hankyu_ferry,HankyuFerry,,2,ckan_url,,
ckan:urban_development_aomori_city,青森市,022012,青森県,青森市,urban_development_aomori_city,UrbanDevelopment_AomoriCity,,2,ckan_url,,
ckan:aomori_city,青森市企業局交通部,,,,aomori_city,AomoriCity,,2,ckan_url,,
ckan:takasaki_city,高崎市,102024,群馬県,高崎市,takasaki_city,TakasakiCity,,2,ckan_url,,
ckan:kagoshima_city_maritime_bureau,鹿児島市船舶局,,,,kagoshima_city_maritime_bureau,KagoshimaCityMaritimeBureau,,2,ckan_url,,
odpt:AKX,ANAウイングス,,,,,AKX,,1,,,
odpt:ITY,ITAエアウェイズ,,,,,ITY,,1,,,
odpt:JR-Shikoku,JR四国,,,,,JR-Shikoku,,1,,,
gtfs:jr-east-morioka,JR東日本盛岡支社,,,,,,jr-east-morioka,1,,,
odpt:JR-Central,JR東海,,,,,JR-Central,,1,,,
odpt:JR-West,JR西日本,,,,,JR-West,,1,,,
ckan:jrfreight,JR貨物,,,,jrfreight,,,1,,,
odpt:KLM,KLMオランダ航空,,,,,KLM,,1,,,
odpt:LAN,LATAMチリ,,,,,LAN,,1,,,
odpt:TAM,LATAMブラジル,,,,,TAM,,1,,,
odpt:LOT,LOTポーランド航空,,,,,LOT,,1,,,
odpt:MGL,MIATモンゴル航空,,,,,MGL,,1,,,
ckan:monet,MONET Technologies,,,,monet,,,1,,,
gtfs:kiyosato,NPO法人清里観光振興会,,,,,,kiyosato,1,,,
ckan:openstreet,OpenStreet（ハローサイクリング）,,,,openstreet,,,1,,,
odpt:APJ,Peach Aviation,,,,,APJ,,1,,,
odpt:SBI,S7航空,,,,,SBI,,1,,,
odpt:VSV,SCAT航空,,,,,VSV,,1,,,
ckan:swat,SWAT Mobility,,,,swat,,,1,,,
gtfs:feel-the-zao,「世界の蔵王」プロジェクト実行委員会,,,,,,feel-the-zao,1,,,
gtfs:aoi-komaki,あおい交通,,,,,,aoi-komaki,1,,,
gtfs:amacity,あま市,232378,愛知県,あま市,,,amacity,1,,,
odpt:Isumi,いすみ鉄道,,,,,Isumi,,1,,,
gtfs:inabecity,いなべ市,242144,三重県,いなべ市,,,inabecity,1,,,
gtfs:inotown,いの町,393860,高知県,いの町,,,inotown,1,,,
gtfs:katsuragitown,かつらぎ町,303411,和歌山県,かつらぎ町,,,katsuragitown,1,,,
gtfs:kushimoto,くしもと観光周遊バス推進協議会（事務局：和歌山県立南紀熊野ジオパークセンター））,,,,,,kushimoto,1,,,
gtfs:saitamacity,さいたま市,111007,埼玉県,さいたま市,,,saitamacity,1,,,
gtfs:susamitown,すさみ町,304069,和歌山県,すさみ町,,,susamitown,1,,,
gtfs:tatsunocity,たつの市,282294,兵庫県,たつの市,,,tatsunocity,1,,,
gtfs:chiba-rainbow-bus,ちばレインボーバス株式会社,,,,,,chiba-rainbow-bus,1,,,
gtfs:tsugarucity,つがる市,022098,青森県,つがる市,,,tsugarucity,1,,,
gtfs:tsukubacity,つくば市,082201,茨城県,つくば市,,,tsukubacity,1,,,
gtfs:tsurugitown,つるぎ町,364681,徳島県,つるぎ町,,,tsurugitown,1,,,
gtfs:tosaden-kotsu,とさでん交通株式会社,,,,,,tosaden-kotsu,1,,,
odpt:Hitachinaka,ひたちなか海浜鉄道,,,,,Hitachinaka,,1,,,
gtfs:miyamacity,みやま市,402290,福岡県,みやま市,,,miyamacity,1,,,
gtfs:aichi-miyoshicity,みよし市,232360,愛知県,みよし市,,,aichi-miyoshicity,1,,,
odpt:WataraseKeikoku,わたらせ渓谷鐵道,,,,,WataraseKeikoku,,1,,,
odpt:ICE,アイスランド航空,,,,,ICE,,1,,,
odpt:IBX,アイベックスエアラインズ,,,,,IBX,,1,,,
odpt:AFL,アエロフロート,,,,,AFL,,1,,,
odpt:AMX,アエロメヒコ,,,,,AMX,,1,,,
odpt:MNG,アエロ・モンゴリア航空,,,,,MNG,,1,,,
odpt:AAR,アシアナ航空,,,,,AAR,,1,,,
odpt:AAL,アメリカン航空,,,,,AAL,,1,,,
odpt:ASA,アラスカ航空,,,,,ASA,,1,,,
odpt:AGU,アンガラ航空,,,,,AGU,,1,,,
odpt:IBE,イベリア航空,,,,,IBE,,1,,,
odpt:IGO,インディゴ,,,,,IGO,,1,,,
odpt:IDX,インドネシア・エアアジアX,,,,,IDX,,1,,,
odpt:ESR,イースター航空,,,,,ESR,,1,,,
odpt:WJA,ウエストジェット航空,,,,,WJA,,1,,,
odpt:UZB,ウズベキスタン航空,,,,,UZB,,1,,,
odpt:XAX,エアアジアＸ,,,,,XAX,,1,,,
odpt:ACI,エアカラン,,,,,ACI,,1,,,
odpt:ASV,エアソウル,,,,,ASV,,1,,,
odpt:THT,エアタヒチヌイ,,,,,THT,,1,,,
odpt:ABL,エアプサン,,,,,ABL,,1,,,
odpt:APZ,エアプレミア,,,,,APZ,,1,,,
odpt:EOK,エアロK,,,,,EOK,,1,,,
odpt:KZR,エア・アスタナ,,,,,KZR,,1,,,
odpt:AIC,エア・インディア,,,,,AIC,,1,,,
odpt:ACA,エア・カナダ,,,,,ACA,,1,,,
odpt:ADO,エア・ドゥ,,,,,ADO,,1,,,
odpt:AJX,エアージャパン,,,,,AJX,,1,,,
odpt:MSR,エジプト航空,,,,,MSR,,1,,,
odpt:ETH,エチオピア航空,,,,,ETH,,1,,,
odpt:ETD,エティハド航空,,,,,ETD,,1,,,
odpt:EVA,エバー航空,,,,,EVA,,1,,,
odpt:UAE,エミレーツ航空,,,,,UAE,,1,,,
odpt:ELY,エルアル・イスラエル航空,,,,,ELY,,1,,,
odpt:AFR,エールフランス航空,,,,,AFR,,1,,,
odpt:ORC,オリエンタルエアブリッジ,,,,,ORC,,1,,,
odpt:AUA,オーストリア航空,,,,,AUA,,1,,,
odpt:SHU,オーロラ,,,,,SHU,,1,,,
odpt:QTR,カタール航空,,,,,QTR,,1,,,
odpt:QFA,カンタス航空,,,,,QFA,,1,,,
odpt:GIA,ガルーダ・インドネシア航空,,,,,GIA,,1,,,
odpt:HDA,キャセイドラゴン航空,,,,,HDA,,1,,,
odpt:CPA,キャセイパシフィック航空,,,,,CPA,,1,,,
odpt:HGB,グレーターベイ航空,,,,,HGB,,1,,,
odpt:SVA,サウディア,,,,,SVA,,1,,,
odpt:SIA,シンガポール航空,,,,,SIA,,1,,,
gtfs:jr-shikoku-bus-kochi,ジェイアール四国バス株式会社 高知支店,,,,,,jr-shikoku-bus-kochi,1,,,
odpt:JAI,ジェットエアウェイズ,,,,,JAI,,1,,,
odpt:JJP,ジェットスター・ジャパン,,,,,JJP,,1,,,
odpt:JST,ジェットスター航空,,,,,JST,,1,,,
odpt:TZP,ジップエア,,,,,TZP,,1,,,
odpt:JNA,ジンエアー,,,,,JNA,,1,,,
odpt:SWR,スイスインターナショナルエアラインズ,,,,,SWR,,1,,,
odpt:SKY,スカイマーク,,,,,SKY,,1,,,
odpt:SAS,スカンジナビア航空,,,,,SAS,,1,,,
odpt:TGW,スクート,,,,,TGW,,1,,,
odpt:SFJ,スターフライヤー,,,,,SFJ,,1,,,
odpt:SJX,スターラックス航空,,,,,SJX,,1,,,
odpt:ALK,スリランカ航空,,,,,ALK,,1,,,
odpt:CEB,セブパシフィック,,,,,CEB,,1,,,
odpt:SNJ,ソラシドエア,,,,,SNJ,,1,,,
odpt:TTW,タイガーエア台湾,,,,,TTW,,1,,,
odpt:AIQ,タイ・エアアジア,,,,,AIQ,,1,,,
odpt:TAX,タイ・エアアジアX,,,,,TAX,,1,,,
odpt:TLM,タイ・ライオン・エア,,,,,TLM,,1,,,
odpt:THA,タイ国際航空,,,,,THA,,1,,,
odpt:THY,ターキッシュ・エアラインズ,,,,,THY,,1,,,
odpt:JJA,チェジュ航空,,,,,JJA,,1,,,
odpt:CAL,チャイナエアライン,,,,,CAL,,1,,,
odpt:TWB,ティーウェイ航空,,,,,TWB,,1,,,
odpt:DAL,デルタ航空,,,,,DAL,,1,,,
ckan:d-bikeshare,ドコモ・バイクシェア,,,,d-bikeshare,,,1,,,
odpt:ANG,ニューギニア航空,,,,,ANG,,1,,,
odpt:ANZ,ニュージーランド航空,,,,,ANZ,,1,,,
odpt:RNA,ネパール航空,,,,,RNA,,1,,,
odpt:NCT,ノックスクート,,,,,NCT,,1,,,
odpt:HAL,ハワイアン航空,,,,,HAL,,1,,,
gtfs:busnet-tsu,バスネット津,,,,,,busnet-tsu,1,,,
odpt:VNL,バニラ・エア,,,,,VNL,,1,,,
odpt:BKP,バンコク・エアウェイズ,,,,,BKP,,1,,,
odpt:BAV,バンブー・エアウェイズ,,,,,BAV,,1,,,
odpt:PIA,パキスタン国際航空,,,,,PIA,,1,,,
odpt:VTI,ビスタラ,,,,,VTI,,1,,,
odpt:BBC,ビーマン・バングラデシュ航空,,,,,BBC,,1,,,
odpt:FFM,ファイアフライ,,,,,FFM,,1,,,
odpt:FJI,フィジー・エアウェイズ,,,,,FJI,,1,,,
odpt:APG,フィリピン・エアアジア,,,,,APG,,1,,,
odpt:PAL,フィリピン航空,,,,,PAL,,1,,,
odpt:FIN,フィンエアー,,,,,FIN,,1,,,
odpt:FDA,フジドリームエアラインズ,,,,,FDA,,1,,,
odpt:BAW,ブリティッシュ・エアウェイズ,,,,,BAW,,1,,,
odpt:VJC,ベトジェットエア,,,,,VJC,,1,,,
odpt:HVN,ベトナム航空,,,,,HVN,,1,,,
odpt:AMU,マカオ航空,,,,,AMU,,1,,,
odpt:MXD,マリンド・エア,,,,,MXD,,1,,,
odpt:MAS,マレーシア航空,,,,,MAS,,1,,,
odpt:MDA,マンダリン航空,,,,,MDA,,1,,,
odpt:SYL,ヤクーツク航空,,,,,SYL,,1,,,
odpt:UAL,ユナイテッド航空,,,,,UAL,,1,,,
odpt:DLH,ルフトハンザ・ドイツ航空,,,,,DLH,,1,,,
odpt:RBA,ロイヤルブルネイ航空,,,,,RBA,,1,,,
odpt:VIR,ヴァージン・アトランティック航空,,,,,VIR,,1,,,
odpt:VOZ,ヴァージン・オーストラリア,,,,,VOZ,,1,,,
gtfs:ichinosekicity,一関市,032093,岩手県,一関市,,,ichinosekicity,1,,,
gtfs:hichisotown,七宗町,215040,岐阜県,七宗町,,,hichisotown,1,,,
gtfs:shichinohetown,七戸町,024023,青森県,七戸町,,,shichinohetown,1,,,
gtfs:manyosen,万葉線,,,,,,manyosen,1,,,
gtfs:miharavillage,三原村,394271,高知県,三原村,,,miharavillage,1,,,
gtfs:tokushima-miyoshicity,三好市,362085,徳島県,三好市,,,tokushima-miyoshicity,1,,,
gtfs:sanjocity,三条市,152048,新潟県,三条市,,,sanjocity,1,,,
gtfs:misawacity,三沢市,022071,青森県,三沢市,,,misawacity,1,,,
gtfs:mie-kotsu,三重交通,,,,,,mie-kotsu,1,,,
odpt:Joshin,上信電鉄,,,,,Joshin,,1,,,
gtfs:kamikatsutown,上勝町,363022,徳島県,上勝町,,,kamikatsutown,1,,,
gtfs:kamishihorotown,上士幌町,016331,北海道,上士幌町,,,kamishihorotown,1,,,
gtfs:kaminoyamacity,上山市,062073,山形県,上山市,,,kaminoyamacity,1,,,
gtfs:kamiichitown,上市町,163228,富山県,上市町,,,kamiichitown,1,,,
gtfs:agematsutown,上松町,204226,長野県,上松町,,,agematsutown,1,,,
odpt:Jomo,上毛電鉄,,,,,Jomo,,1,,,
odpt:CSH,上海航空,,,,,CSH,,1,,,
gtfs:uedabus,上田バス株式会社,,,,,,uedabus,1,,,
gtfs:uedacity,上田市,202037,長野県,上田市,,,uedacity,1,,,
gtfs:kamigoritown,上郡町,284815,兵庫県,上郡町,,,kamigoritown,1,,,
gtfs:shimoko,下北交通株式会社,,,,,,shimoko,1,,,
gtfs:gerocity,下呂市,212202,岐阜県,下呂市,,,gerocity,1,,,
odpt:CSN,中国南方航空,,,,,CSN,,1,,,
odpt:CCA,中国国際航空,,,,,CCA,,1,,,
odpt:CES,中国東方航空,,,,,CES,,1,,,
gtfs:nakatosatown,中土佐町,394017,高知県,中土佐町,,,nakatosatown,1,,,
gtfs:nakayamatown,中山町,063029,山形県,中山町,,,nakayamatown,1,,,
gtfs:nakadomaritown,中泊町,023876,青森県,中泊町,,,nakadomaritown,1,,,
gtfs:nakatsugawacity,中津川市,212067,岐阜県,中津川市,,,nakatsugawacity,1,,,
gtfs:nakatsucity,中津市,442038,大分県,中津市,,,nakatsucity,1,,,
gtfs:chukibus,中紀バス,,,,,,chukibus,1,,,
gtfs:nagano-nakanocity,中野市,202118,長野県,中野市,,,nagano-nakanocity,1,,,
gtfs:tambasasayamacity,丹波篠山市,282219,兵庫県,丹波篠山市,,,tambasasayamacity,1,,,
gtfs:hisayamatown,久山町,403482,福岡県,久山町,,,hisayamatown,1,,,
gtfs:kameyamacity,亀山市,242101,三重県,亀山市,,,kameyamacity,1,,,
gtfs:ninomiyatown,二宮町,143421,神奈川県,二宮町,,,ninomiyatown,1,,,
gtfs:goshogawaracity,五所川原市,022055,青森県,五所川原市,,,goshogawaracity,1,,,
odpt:Keisei,京成電鉄,,,,,Keisei,,1,,,
gtfs:niyodogawatown,仁淀川町,393878,高知県,仁淀川町,,,niyodogawatown,1,,,
gtfs:sembokucity,仙北市,052159,秋田県,仙北市,,,sembokucity,1,,,
odpt:SendaiAirportTransit,仙台空港鉄道,,,,,SendaiAirportTransit,,1,,,
gtfs:imaricity,伊万里市,412058,佐賀県,伊万里市,,,imaricity,1,,,
ckan:iyotetsu_bus,伊予鉄バス株式会社,,,,iyotetsu_bus,,,1,,,
gtfs:isecity,伊勢市,242039,三重県,伊勢市,,,isecity,1,,,
gtfs:isetetu,伊勢鉄道,,,,,,isetetu,1,,,
odpt:Izukyu,伊豆急行,,,,,Izukyu,,1,,,
odpt:IzuHakone,伊豆箱根鉄道,,,,,IzuHakone,,1,,,
gtfs:igacity,伊賀市,242161,三重県,伊賀市,,,igacity,1,,,
odpt:Aizu,会津鉄道,,,,,Aizu,,1,,,
gtfs:sakawatown,佐川町,394025,高知県,佐川町,,,sakawatown,1,,,
gtfs:sayotown,佐用町,285013,兵庫県,佐用町,,,sayotown,1,,,
gtfs:shinanotown,信濃町,205834,長野県,信濃町,,,shinanotown,1,,,
gtfs:nyuzentown,入善町,163422,富山県,入善町,,,nyuzentown,1,,,
odpt:ANA,全日本空輸,,,,,ANA,,1,,,
ckan:ana,全日空,,,,ana,,,1,,,
gtfs:hachikanbus,八幡観光バス,,,,,,hachikanbus,1,,,
gtfs:hachinohe,八戸市交通部,022039,青森県,八戸市,,,hachinohe|hachinohecity,1,lgcode,yes,gtfs-data.jp に同一事業者が重複登録されている
gtfs:yaotsutown,八百津町,215058,岐阜県,八百津町,,,yaotsutown,1,,,
gtfs:yaesetown,八重瀬町,473626,沖縄県,八重瀬町,,,yaesetown,1,,,
ckan:odpt,公共交通オープンデータ協議会,,,,odpt,,,1,,,
gtfs:kochi-kanko-convention,公益財団法人高知県観光コンベンション協会,,,,,,kochi-kanko-convention,1,,,
gtfs:rokkashovillage,六ヶ所村,024112,青森県,六ヶ所村,,,rokkashovillage,1,,,
gtfs:uchinadatown,内灘町,173657,石川県,内灘町,,,uchinadatown,1,,,
gtfs:kariyacity,刈谷市,232106,愛知県,刈谷市,,,kariyacity,1,,,
ckan:maebashi_city,前橋市交通政策課,,,,maebashi_city,,,1,,,
gtfs:kakogawacity,加古川市,282103,兵庫県,加古川市,,,kakogawacity,1,,,
gtfs:katocity,加東市,282286,兵庫県,加東市,,,katocity,1,,,
gtfs:kamocity,加茂市,152099,新潟県,加茂市,,,kamocity,1,,,
gtfs:kasaicity,加西市,282201,兵庫県,加西市,,,kasaicity,1,,,
gtfs:kaetsunou,加越能バス,,,,,,kaetsunou,1,,,
gtfs:shootown,勝央町,336220,岡山県,勝央町,,,shootown,1,,,
gtfs:kitakyushucity,北九州市,401005,福岡県,北九州市,,,kitakyushucity,1,,,
gtfs:kitanagoyacity,北名古屋市,232343,愛知県,北名古屋市,,,kitanagoyacity,1,,,
gtfs:kitajimatown,北島町,364029,徳島県,北島町,,,kitajimatown,1,,,
gtfs:kitagawavillage,北川村,393053,高知県,北川村,,,kitagawavillage,1,,,
gtfs:kitaena,北恵那交通,,,,,,kitaena,1,,,
gtfs:hokushin-bus,北振バス株式会社,,,,,,hokushin-bus,1,,,
gtfs:yamanashi-hokutocity,北杜市,192091,山梨県,北杜市,,,yamanashi-hokutocity,1,,,
gtfs:kitaaikivillage,北相木村,203076,長野県,北相木村,,,kitaaikivillage,1,,,
odpt:Hokuso,北総鉄道,,,,,Hokuso,,1,,,
gtfs:kitashitara,北設楽郡公共交通活性化協議会,,,,,,kitashitara,1,,,
odpt:Hokuetsu,北越急行,,,,,Hokuetsu,,1,,,
gtfs:towadacity,十和田市,022063,青森県,十和田市,,,towadacity,1,,,
gtfs:towadakankodentetsu,十和田観光電鉄株式会社,,,,,,towadakankodentetsu,1,,,
gtfs:chikuma-bus,千曲バス株式会社,,,,,,chikuma-bus,1,,,
gtfs:chikumacity,千曲市,202185,長野県,千曲市,,,chikumacity,1,,,
odpt:ChibaMonorail,千葉都市モノレール,,,,,ChibaMonorail,,1,,,
gtfs:minamiawajicity,南あわじ市,282243,兵庫県,南あわじ市,,,minamiawajicity,1,,,
odpt:SAA,南アフリカ航空,,,,,SAA,,1,,,
gtfs:minamiisetown,南伊勢町,244724,三重県,南伊勢町,,,minamiisetown,1,,,
gtfs:minamishinshu,南信州地域交通問題協議会（南信州広域連合）,,,,,,minamishinshu,1,,,
gtfs:nangokucity,南国市,392049,高知県,南国市,,,nangokucity,1,,,
gtfs:nagisotown,南木曽町,204234,長野県,南木曽町,,,nagisotown,1,,,
gtfs:rinkan,南海りんかんバス株式会社,,,,,,rinkan,1,,,
gtfs:minamichitatown,南知多町,234451,愛知県,南知多町,,,minamichitatown,1,,,
gtfs:nantocity,南砺市,162108,富山県,南砺市,,,nantocity,1,,,
gtfs:yamanashi-nanbutown,南部町,193666,山梨県,南部町,,,yamanashi-nanbutown,1,,,
gtfs:nanyocity,南陽市,062138,山形県,南陽市,,,nanyocity,1,,,
gtfs:inzaicity,印西市,122319,千葉県,印西市,,,inzaicity,1,,,
odpt:CXA,厦門航空,,,,,CXA,,1,,,
gtfs:fukuoka-kogacity,古賀市,402231,福岡県,古賀市,,,fukuoka-kogacity,1,,,
gtfs:kanicity,可児市,212148,岐阜県,可児市,,,kanicity,1,,,
gtfs:yanbaru-expressbus,合同会社やんばる急行バス,,,,,,yanbaru-expressbus,1,,,
odpt:DKH,吉祥航空,,,,,DKH,,1,,,
gtfs:yoshinogawacity,吉野川市,362051,徳島県,吉野川市,,,yoshinogawacity,1,,,
gtfs:nabaricity,名張市,242080,三重県,名張市,,,nabaricity,1,,,
gtfs:meikaijo,名鉄海上観光船株式会社,,,,,,meikaijo,1,,,
gtfs:kimitsucity,君津市,122254,千葉県,君津市,,,kimitsucity,1,,,
gtfs:wakocity,和光市,112291,埼玉県,和光市,,,wakocity,1,,,
gtfs:waketown,和気町,333468,岡山県,和気町,,,waketown,1,,,
ckan:karatsu_city,唐津市,412023,佐賀県,唐津市,karatsu_city,,,1,,,
gtfs:kamacity,嘉麻市,402273,福岡県,嘉麻市,,,kamacity,1,,,
gtfs:shimantocity,四万十市,392103,高知県,四万十市,,,shimantocity,1,,,
gtfs:shimantotown,四万十町,394122,高知県,四万十町,,,shimantotown,1,,,
odpt:CSC,四川航空,,,,,CSC,,1,,,
gtfs:yokkaichicity,四日市市,242021,三重県,四日市市,,,yokkaichicity,1,,,
gtfs:yotsukaidocity,四街道市,122289,千葉県,四街道市,,,yotsukaidocity,1,,,
ckan:mlit,国土交通省,,,,mlit,,,1,,,
ckan:kokusai_kogyo_bus,国際興業,,,,kokusai_kogyo_bus,,,1,,,
gtfs:tosashimizucity,土佐清水市,392090,高知県,土佐清水市,,,tosashimizucity,1,,,
gtfs:tokicity,土岐市,212121,岐阜県,土岐市,,,tokicity,1,,,
gtfs:tsuchiuracity,土浦市,082031,茨城県,土浦市,,,tsuchiuracity,1,,,
odpt:SaitamaTransit,埼玉新都市交通,,,,,SaitamaTransit,,1,,,
odpt:SaitamaRailway,埼玉高速鉄道,,,,,SaitamaRailway,,1,,,
gtfs:shiojiricity,塩尻市,202151,長野県,塩尻市,,,shiojiricity,1,,,
gtfs:mibutown,壬生町,093611,栃木県,壬生町,,,mibutown,1,,,
gtfs:sotogahamatown,外ヶ浜町,023078,青森県,外ヶ浜町,,,sotogahamatown,1,,,
gtfs:takitown,多気町,244414,三重県,多気町,,,takitown,1,,,
gtfs:tajimicity,多治見市,212041,岐阜県,多治見市,,,tajimicity,1,,,
gtfs:oguchitown,大口町,233617,愛知県,大口町,,,oguchitown,1,,,
gtfs:odaitown,大台町,244431,三重県,大台町,,,odaitown,1,,,
gtfs:yamatokoriyamacity,大和郡山市,292036,奈良県,大和郡山市,,,yamatokoriyamacity,1,,,
gtfs:yamatotakadacity,大和高田市,292028,奈良県,大和高田市,,,yamatotakadacity,1,,,
gtfs:ogakicity,大垣市,212024,岐阜県,大垣市,,,ogakicity,1,,,
gtfs:otsukitown,大月町,394246,高知県,大月町,,,otsukitown,1,,,
gtfs:okuwavillage,大桑村,204307,長野県,大桑村,,,okuwavillage,1,,,
gtfs:oetown,大江町,063240,山形県,大江町,,,oetown,1,,,
gtfs:oizumitown,大泉町,105244,群馬県,大泉町,,,oizumitown,1,,,
gtfs:otamavillage,大玉村,073229,福島県,大玉村,,,otamavillage,1,,,
gtfs:otawaracity,大田原市,092100,栃木県,大田原市,,,otawaracity,1,,,
gtfs:omachicity,大町市,202126,長野県,大町市,,,omachicity,1,,,
gtfs:ohkuravillage,大蔵村,063657,山形県,大蔵村,,,ohkuravillage,1,,,
odpt:KAL,大韓航空,,,,,KAL,,1,,,
gtfs:owanitown,大鰐町,023621,青森県,大鰐町,,,owanitown,1,,,
odpt:GCR,天津航空,,,,,GCR,,1,,,
gtfs:tendocity,天童市,062103,山形県,天童市,,,tendocity,1,,,
gtfs:dazaifucity,太宰府市,402214,福岡県,太宰府市,,,dazaifucity,1,,,
gtfs:gunma-otacity,太田市,102059,群馬県,太田市,,,gunma-otacity,1,,,
gtfs:taiyo-koutu,太陽交通株式会社,,,,,,taiyo-koutu,1,,,
gtfs:nagitown,奈義町,336238,岡山県,奈義町,,,nagitown,1,,,
odpt:OKA,奥凱航空,,,,,OKA,,1,,,
gtfs:oshucity,奥州市,032158,岩手県,奥州市,,,oshucity,1,,,
gtfs:himejicity,姫路市,282014,兵庫県,姫路市,,,himejicity,1,,,
odpt:UtsunomiyaLightRail,宇都宮ライトレール,,,,,UtsunomiyaLightRail,,1,,,
gtfs:moriyamacity,守山市,252077,滋賀県,守山市,,,moriyamacity,1,,,
gtfs:annakacity,安中市,102113,群馬県,安中市,,,annakacity,1,,,
gtfs:anjocity,安城市,232122,愛知県,安城市,,,anjocity,1,,,
gtfs:andotown,安堵町,293458,奈良県,安堵町,,,andotown,1,,,
gtfs:yasudatown,安田町,393045,高知県,安田町,,,yasudatown,1,,,
gtfs:akicity,安芸市,392031,高知県,安芸市,,,akicity,1,,,
gtfs:shisocity,宍粟市,282278,兵庫県,宍粟市,,,shisocity,1,,,
gtfs:munakatacity,宗像市,402206,福岡県,宗像市,,,munakatacity,1,,,
gtfs:takarazukacity,宝塚市,282146,兵庫県,宝塚市,,,takarazukacity,1,,,
gtfs:murotocity,室戸市,392022,高知県,室戸市,,,murotocity,1,,,
gtfs:miyawakacity,宮若市,402265,福岡県,宮若市,,,miyawakacity,1,,,
gtfs:sukumocity,宿毛市,392081,高知県,宿毛市,,,sukumocity,1,,,
ckan:shimizucruise,富士山清水港クルーズ,,,,shimizucruise,,,1,,,
odpt:Fujikyu,富士山麓電気鉄道,,,,,Fujikyu,,1,,,
ckan:fujikyumarineresort,富士急マリンリゾート,,,,fujikyumarineresort,,,1,,,
gtfs:chitetsu,富山地方鉄道,,,,,,chitetsu,1,,,
gtfs:toyamacity,富山市,162019,富山県,富山市,,,toyamacity,1,,,
gtfs:toyama-asahitown,富山県朝日町,163431,富山県,朝日町,,,toyama-asahitown,1,,,
gtfs:samukawatown,寒川町,143219,神奈川県,寒川町,,,samukawatown,1,,,
gtfs:sagaecity,寒河江市,062065,山形県,寒河江市,,,sagaecity,1,,,
gtfs:imizucity,射水市,162116,富山県,射水市,,,imizucity,1,,,
gtfs:komatsucity,小松市,172031,石川県,小松市,,,komatsucity,1,,,
odpt:Kominato,小湊鉄道株式会社,,,,,Kominato,,1,,,
odpt:OdakyuHakone,小田急箱根,,,,,OdakyuHakone,,1,,,
gtfs:oyabecity,小矢部市,162094,富山県,小矢部市,,,oyabecity,1,,,
gtfs:ogasawaravillage,小笠原村,134210,東京都,小笠原村,,,ogasawaravillage,1,,,
gtfs:kosugevillage,小菅村,194425,山梨県,小菅村,,,kosugevillage,1,,,
ckan:town_shodoshima_kagawa,小豆島町（香川県）,373249,香川県,小豆島町,town_shodoshima_kagawa,,,1,,,
gtfs:hyogo-ono,小野市,282189,兵庫県,小野市,,,hyogo-ono,1,,,
gtfs:owariasahicity,尾張旭市,232262,愛知県,尾張旭市,,,owariasahicity,1,,,
gtfs:obanazawacity,尾花沢市,062120,山形県,尾花沢市,,,obanazawacity,1,,,
gtfs:owasecity,尾鷲市,242098,三重県,尾鷲市,,,owasecity,1,,,
gtfs:yamakobus,山形交通,,,,,,yamakobus,1,,,
gtfs:yamagata-yamagatacity,山形市,062014,山形県,山形市,,,yamagata-yamagatacity,1,,,
gtfs:yamagata-ogunitown,山形県小国町,064017,山形県,小国町,,,yamagata-ogunitown,1,,,
gtfs:yamagata-kaneyamatown,山形県金山町,063614,山形県,金山町,,,yamagata-kaneyamatown,1,,,
gtfs:yamagatatetsudo,山形鉄道株式会社,,,,,,yamagatatetsudo,1,,,
odpt:CDG,山東航空,,,,,CDG,,1,,,
gtfs:gifu-yamagatacity,山県市,212156,岐阜県,山県市,,,gifu-yamagatacity,1,,,
gtfs:yamanobetown,山辺町,063011,山形県,山辺町,,,yamanobetown,1,,,
gtfs:gifucity,岐阜市,212016,岐阜県,岐阜市,,,gifucity,1,,,
gtfs:okayacity,岡谷市,202045,長野県,岡谷市,,,okayacity,1,,,
gtfs:iwadecity,岩出市,302091,和歌山県,岩出市,,,iwadecity,1,,,
gtfs:gan-wu,岩宇地域公共交通活性化協議会,,,,,,gan-wu,1,,,
gtfs:shimadacity,島田市,222097,静岡県,島田市,,,shimadacity,1,,,
gtfs:nagano-kawakamivillage,川上村,203041,長野県,川上村,,,nagano-kawakamivillage,1,,,
gtfs:fukuoka-kawasakitown,川崎町,406058,福岡県,川崎町,,,fukuoka-kawasakitown,1,,,
gtfs:kawagoetown,川越町,243442,三重県,川越町,,,kawagoetown,1,,,
gtfs:ichikawamisatotown,市川三郷町,193461,山梨県,市川三郷町,,,ichikawamisatotown,1,,,
gtfs:ichikawatown,市川町,284424,兵庫県,市川町,,,ichikawatown,1,,,
gtfs:tokonamecity,常滑市,232165,愛知県,常滑市,,,tokonamecity,1,,,
gtfs:hiranaitown,平内町,023019,青森県,平内町,,,hiranaitown,1,,,
gtfs:hirakawacity,平川市,022101,青森県,平川市,,,hirakawacity,1,,,
gtfs:hiradocity,平戸市,422070,長崎県,平戸市,,,hiradocity,1,,,
gtfs:shonaikotsu,庄内交通,,,,,,shonaikotsu,1,,,
gtfs:shonaitown,庄内町,064289,山形県,庄内町,,,shonaitown,1,,,
gtfs:wataraitown,度会町,244708,三重県,度会町,,,wataraitown,1,,,
gtfs:hirosakicity,弘前市,022021,青森県,弘前市,,,hirosakicity,1,,,
gtfs:mitaketown,御嵩町,215210,岐阜県,御嵩町,,,mitaketown,1,,,
gtfs:tokubus-nanbu,徳島バス南部株式会社,,,,,,tokubus-nanbu,1,,,
gtfs:tokubus,徳島バス株式会社,,,,,,tokubus,1,,,
gtfs:tokubus-anan,徳島バス阿南株式会社（2023年10月1日 徳島バス株式会社と合併）,,,,,,tokubus-anan,1,,,
gtfs:tokushima-shiei,徳島市交通局,362018,徳島県,徳島市,,,tokushima-shiei|tokushimacity,1,lgcode,yes,gtfs-data.jp に同一事業者が重複登録されている
gtfs:shimacity,志摩市,242152,三重県,志摩市,,,shimacity,1,,,
gtfs:enacity,恵那市,212105,岐阜県,恵那市,,,enacity,1,,,
gtfs:naritacity,成田市,122114,千葉県,成田市,,,naritacity,1,,,
gtfs:tozawavillage,戸沢村,063673,山形県,戸沢村,,,tozawavillage,1,,,
gtfs:kakegawacity,掛川市,222135,静岡県,掛川市,,,kakegawacity,1,,,
gtfs:ibigawatown,揖斐川町,214019,岐阜県,揖斐川町,,,ibigawatown,1,,,
gtfs:shinshirocity,新城市,232211,愛知県,新城市,,,shinshirocity,1,,,
gtfs:shingutown,新宮町,403458,福岡県,新宮町,,,shingutown,1,,,
gtfs:shinjobankotsu,新常磐交通株式会社,,,,,,shinjobankotsu,1,,,
gtfs:shinjocity,新庄市,062057,山形県,新庄市,,,shinjocity,1,,,
gtfs:shinonsentown,新温泉町,285862,兵庫県,新温泉町,,,shinonsentown,1,,,
gtfs:niimicity,新見市,332101,岡山県,新見市,,,niimicity,1,,,
gtfs:shingovillage,新郷村,024503,青森県,新郷村,,,shingovillage,1,,,
gtfs:nikkocity,日光市,092061,栃木県,日光市,,,nikkocity,1,,,
odpt:JAC,日本エアコミューター,,,,,JAC,,1,,,
odpt:JTA,日本トランスオーシャン航空,,,,,JTA,,1,,,
ckan:nippokisen,日豊汽船,,,,nippokisen,,,1,,,
gtfs:nisshincity,日進市,232301,愛知県,日進市,,,nisshincity,1,,,
gtfs:shiga-hinotown,日野町,253839,滋賀県,日野町,,,shiga-hinotown,1,,,
gtfs:hayashimatown,早島町,334235,岡山県,早島町,,,hayashimatown,1,,,
gtfs:meikobus,明光バス株式会社,,,,,,meikobus,1,,,
gtfs:mie-meiwatown,明和町,244422,三重県,明和町,,,mie-meiwatown,1,,,
gtfs:aketetsu,明知鉄道,,,,,,aketetsu,1,,,
gtfs:akashicity,明石市,282031,兵庫県,明石市,,,akashicity,1,,,
gtfs:kasugacity,春日市,402184,福岡県,春日市,,,kasugacity,1,,,
odpt:CQH,春秋航空,,,,,CQH,,1,,,
odpt:SJO,春秋航空日本,,,,,SJO,,1,,,
gtfs:akishimacity,昭島市,132071,東京都,昭島市,,,akishimacity,1,,,
gtfs:mogamigawakotsu,最上川交通,,,,,,mogamigawakotsu,1,,,
gtfs:aridagawatown,有田川町,303666,和歌山県,有田川町,,,aridagawatown,1,,,
gtfs:reihoku-kanko,有限会社嶺北観光自動車,,,,,,reihoku-kanko,1,,,
gtfs:kuroiwa-kanko,有限会社黒岩観光,,,,,,kuroiwa-kanko,1,,,
gtfs:yamagata-asahitown,朝日町,063231,山形県,朝日町,,,yamagata-asahitown,1,,,
gtfs:asagocity,朝来市,282251,兵庫県,朝来市,,,asagocity,1,,,
gtfs:kisosakitown,木曽岬町,243035,三重県,木曽岬町,,,kisosakitown,1,,,
gtfs:kisokoikirengo,木曽広域連合,,,,,,kisokoikirengo,1,,,
gtfs:kisotown,木曽町,204323,長野県,木曽町,,,kisotown,1,,,
gtfs:kisovillage,木祖村,204251,長野県,木祖村,,,kisovillage,1,,,
gtfs:motomiyacity,本宮市,072141,福島県,本宮市,,,motomiyacity,1,,,
gtfs:motoyamatown,本山町,393410,高知県,本山町,,,motoyamatown,1,,,
gtfs:motosucity,本巣市,212181,岐阜県,本巣市,,,motosucity,1,,,
gtfs:murakamicity,村上市,152129,新潟県,村上市,,,murakamicity,1,,,
gtfs:murayamacity,村山市,062081,山形県,村山市,,,murayamacity,1,,,
gtfs:higashimiyoshitown,東みよし町,364894,徳島県,東みよし町,,,higashimiyoshitown,1,,,
odpt:TokyoMonorail,東京モノレール,,,,,TokyoMonorail,,1,,,
ckan:mg_tokyo,東京都,,,,mg_tokyo,,,1,,,
gtfs:toshinkanko-bus,東信観光バス株式会社,,,,,,toshinkanko-bus,1,,,
gtfs:tohokutown,東北町,024082,青森県,東北町,,,tohokutown,1,,,
gtfs:tointown,東員町,243248,三重県,東員町,,,tointown,1,,,
gtfs:higashinecity,東根市,062111,山形県,東根市,,,higashinecity,1,,,
ckan:tobu_bus,東武バス,,,,tobu_bus,,,1,,,
gtfs:higashiuratown,東浦町,234427,愛知県,東浦町,,,higashiuratown,1,,,
gtfs:tokaicity,東海市,232220,愛知県,東海市,,,tokaicity,1,,,
gtfs:tohtetsu,東濃鉄道,,,,,,tohtetsu,1,,,
odpt:ToyoRapid,東葉高速鉄道,,,,,ToyoRapid,,1,,,
gtfs:higashiomicity,東近江市,252131,滋賀県,東近江市,,,higashiomicity,1,,,
gtfs:matsudocity,松戸市,122076,千葉県,松戸市,,,matsudocity,1,,,
gtfs:matsumotocity,松本市,202029,長野県,松本市,,,matsumotocity,1,,,
gtfs:matsushigetown,松茂町,364011,徳島県,松茂町,,,matsushigetown,1,,,
gtfs:matsusakacity,松阪市,242047,三重県,松阪市,,,matsusakacity,1,,,
gtfs:yanagawacity,柳川市,402079,福岡県,柳川市,,,yanagawacity,1,,,
gtfs:yanaizutown,柳津町,074233,福島県,柳津町,,,yanaizutown,1,,,
gtfs:rittocity,栗東市,252085,滋賀県,栗東市,,,rittocity,1,,,
gtfs:takeyakoutu,株式会社タケヤ交通,,,,,,takeyakoutu,1,,,
ckan:fuji_express,株式会社フジエクスプレス,,,,fuji_express,,,1,,,
gtfs:shimanto-kotsu,株式会社四万十交通,,,,,,shimanto-kotsu,1,,,
gtfs:amagikankobus,株式会社甘木観光バス,,,,,,amagikankobus,1,,,
gtfs:khkhokubu-kotsu,株式会社県交北部交通,,,,,,khkhokubu-kotsu,1,,,
gtfs:kochi-ekimae-kanko,株式会社高知駅前観光,,,,,,kochi-ekimae-kanko,1,,,
gtfs:nemurokotsu,根室交通株式会社,,,,,,nemurokotsu,1,,,
gtfs:kuwanacity,桑名市,242055,三重県,桑名市,,,kuwanacity,1,,,
odpt:YokohamaSeaside,横浜シーサイドライン,,,,,YokohamaSeaside,,1,,,
ckan:yokohamamunicipal,横浜市交通局(2),,,,yokohamamunicipal,,,1,,,
odpt:Minatomirai,横浜高速鉄道,,,,,Minatomirai,,1,,,
gtfs:yokosukacity,横須賀市,142018,神奈川県,横須賀市,,,yokosukacity,1,,,
gtfs:taketoyotown,武豊町,234478,愛知県,武豊町,,,taketoyotown,1,,,
gtfs:mizumakitown,水巻町,403822,福岡県,水巻町,,,mizumakitown,1,,,
odpt:Enoden,江ノ島電鉄,,,,,Enoden,,1,,,
gtfs:nagano-ikedatown,池田町,204811,長野県,池田町,,,nagano-ikedatown,1,,,
gtfs:kahokutown,河北町,063215,山形県,河北町,,,kahokutown,1,,,
gtfs:tsu-airportline,津エアポートライン,,,,,,tsu-airportline,1,,,
gtfs:tsuyamacity,津山市,332038,岡山県,津山市,,,tsuyamacity,1,,,
gtfs:tsucity,津市,242012,三重県,津市,,,tsucity,1,,,
gtfs:kochi-tsunotown,津野町,394114,高知県,津野町,,,kochi-tsunotown,1,,,
gtfs:sumotocity,洲本市,282057,兵庫県,洲本市,,,sumotocity,1,,,
gtfs:nagareyamacity,流山市,122203,千葉県,流山市,,,nagareyamacity,1,,,
odpt:Ryutetsu,流鉄,,,,,Ryutetsu,,1,,,
gtfs:hamabus,浜松バス株式会社,,,,,,hamabus,1,,,
odpt:CHH,海南航空,,,,,CHH,,1,,,
gtfs:kaizucity,海津市,212211,岐阜県,海津市,,,kaizucity,1,,,
gtfs:kaiyotown,海陽町,363880,徳島県,海陽町,,,kaiyotown,1,,,
gtfs:awajicity,淡路市,282260,兵庫県,淡路市,,,awajicity,1,,,
odpt:EPA,深圳東海航空,,,,,EPA,,1,,,
odpt:CSZ,深圳航空,,,,,CSZ,,1,,,
gtfs:fukauratown,深浦町,023230,青森県,深浦町,,,fukauratown,1,,,
gtfs:soedatown,添田町,406023,福岡県,添田町,,,soedatown,1,,,
gtfs:shiga-konancity,湖南市,252115,滋賀県,湖南市,,,shiga-konancity,1,,,
odpt:ShonanMonorail,湘南モノレール,,,,,ShonanMonorail,,1,,,
gtfs:namerikawacity,滑川市,162060,富山県,滑川市,,,namerikawacity,1,,,
gtfs:nouhibus,濃飛乗合自動車（濃飛バス）,,,,,,nouhibus,1,,,
gtfs:setouchicity,瀬戸内市,332127,岡山県,瀬戸内市,,,setouchicity,1,,,
gtfs:setocity,瀬戸市,232041,愛知県,瀬戸市,,,setocity,1,,,
gtfs:kuma-bus,熊本バス,,,,,,kuma-bus,1,,,
gtfs:kumamoto-shiden,熊本市交通局,431001,熊本県,熊本市,,,kumamoto-shiden,1,,,
gtfs:kumamoto-toshibus,熊本都市バス,,,,,,kumamoto-toshibus,1,,,
gtfs:kumamotodentetsu,熊本電鉄,,,,,,kumamotodentetsu,1,,,
gtfs:kumagayacity,熊谷市,112020,埼玉県,熊谷市,,,kumagayacity,1,,,
gtfs:kumanocity,熊野市,242128,三重県,熊野市,,,kumanocity,1,,,
gtfs:kumanogobobus,熊野御坊南海バス株式会社,,,,,,kumanogobobus,1,,,
gtfs:tsubamecity,燕市,152137,新潟県,燕市,,,tsubamecity,1,,,
gtfs:inagawatown,猪名川町,283011,兵庫県,猪名川町,,,inagawatown,1,,,
gtfs:otakivillage,王滝村,204293,長野県,王滝村,,,otakivillage,1,,,
gtfs:kusutown,玖珠町,444626,大分県,玖珠町,,,kusutown,1,,,
odpt:RAC,琉球エアーコミューター,,,,,RAC,,1,,,
gtfs:kotosan,琴参バス株式会社,,,,,,kotosan,1,,,
gtfs:mizunamicity,瑞浪市,212083,岐阜県,瑞浪市,,,mizunamicity,1,,,
gtfs:seikatsubus-yokkaichi,生活バス四日市,,,,,,seikatsubus-yokkaichi,1,,,
gtfs:sankobus,産交バス,,,,,,sankobus,1,,,
gtfs:tagawacity,田川市,402061,福岡県,田川市,,,tagawacity,1,,,
gtfs:tanabecity,田辺市,302066,和歌山県,田辺市,,,tanabecity,1,,,
gtfs:tanotown,田野町,393037,高知県,田野町,,,tanotown,1,,,
gtfs:kaicity,甲斐市,192104,山梨県,甲斐市,,,kaicity,1,,,
gtfs:kokacity,甲賀市,252093,滋賀県,甲賀市,,,kokacity,1,,,
gtfs:hakusancity,白山市,172103,石川県,白山市,,,hakusancity,1,,,
gtfs:shirotori-kotsu,白鳥交通,,,,,,shirotori-kotsu,1,,,
gtfs:shiratakatown,白鷹町,064025,山形県,白鷹町,,,shiratakatown,1,,,
gtfs:masudacity,益田市,322041,島根県,益田市,,,masudacity,1,,,
gtfs:naoshimatown,直島町,373648,香川県,直島町,,,naoshimatown,1,,,
gtfs:nogatacity,直方市,402044,福岡県,直方市,,,nogatacity,1,,,
gtfs:mamurogawatown,真室川町,063649,山形県,真室川町,,,mamurogawatown,1,,,
gtfs:maniwacity,真庭市,332143,岡山県,真庭市,,,maniwacity,1,,,
gtfs:yaitacity,矢板市,092118,栃木県,矢板市,,,yaitacity,1,,,
gtfs:chitabus,知多乗合（知多バス）,,,,,,chitabus,1,,,
gtfs:chitacity,知多市,232246,愛知県,知多市,,,chitacity,1,,,
gtfs:chiryucity,知立市,232254,愛知県,知立市,,,chiryucity,1,,,
gtfs:ishikariwanshinko,石狩湾新港地域公共交通サービス推進協議会,,,,,,ishikariwanshinko,1,,,
gtfs:tonamicity,砺波市,162086,富山県,砺波市,,,tonamicity,1,,,
gtfs:hekinancity,碧南市,232092,愛知県,碧南市,,,hekinancity,1,,,
ckan:kanachu,神奈川中央交通,,,,kanachu,,,1,,,
gtfs:shinkikanko,神姫観光,,,,,,shinkikanko,1,,,
gtfs:kobecity,神戸市,281000,兵庫県,神戸市,,,kobecity,1,,,
gtfs:hyogo-kamikawatown,神河町,284467,兵庫県,神河町,,,hyogo-kamikawatown,1,,,
gtfs:kozushimavillage,神津島村,133647,東京都,神津島村,,,kozushimavillage,1,,,
gtfs:fukuokacity,福岡市,401307,福岡県,福岡市,,,fukuokacity,1,,,
gtfs:fukusakitown,福崎町,284432,兵庫県,福崎町,,,fukusakitown,1,,,
gtfs:fukutsucity,福津市,402249,福岡県,福津市,,,fukutsucity,1,,,
odpt:Chichibu,秩父鉄道,,,,,Chichibu,,1,,,
gtfs:tateyamatown,立山町,163236,富山県,立山町,,,tateyamatown,1,,,
gtfs:tateshinatown,立科町,203246,長野県,立科町,,,tateshinatown,1,,,
gtfs:kasamatsutown,笠松町,213039,岐阜県,笠松町,,,kasamatsutown,1,,,
gtfs:chikugocity,筑後市,402117,福岡県,筑後市,,,chikugocity,1,,,
gtfs:chikujotown,築上町,406473,福岡県,築上町,,,chikujotown,1,,,
gtfs:yonezawacity,米沢市,062022,山形県,米沢市,,,yonezawacity,1,,,
gtfs:itoigawabus,糸魚川バス株式会社,,,,,,itoigawabus,1,,,
gtfs:kinokawacity,紀の川市,302082,和歌山県,紀の川市,,,kinokawacity,1,,,
gtfs:kihotown,紀宝町,245623,三重県,紀宝町,,,kihotown,1,,,
gtfs:yukicity,結城市,082074,茨城県,結城市,,,yukicity,1,,,
gtfs:tokushima-minamitown,美波町,363871,徳島県,美波町,,,tokushima-minamitown,1,,,
gtfs:minokamocity,美濃加茂市,212113,岐阜県,美濃加茂市,,,minokamocity,1,,,
gtfs:hashimacity,羽島市,212091,岐阜県,羽島市,,,hashimacity,1,,,
ckan:haboroenkaiferry,羽幌沿海フェリー,,,,haboroenkaiferry,,,1,,,
gtfs:ugokotsu,羽後交通株式会社,,,,,,ugokotsu,1,,,
odpt:MaihamaResort,舞浜リゾートライン,,,,,MaihamaResort,,1,,,
odpt:Shibayama,芝山鉄道,,,,,Shibayama,,1,,,
gtfs:ashiyatown,芦屋町,403814,福岡県,芦屋町,,,ashiyatown,1,,,
gtfs:hanamakicity,花巻市,032051,岩手県,花巻市,,,hanamakicity,1,,,
gtfs:geiseivillage,芸西村,393070,高知県,芸西村,,,geiseivillage,1,,,
gtfs:kandatown,苅田町,406210,福岡県,苅田町,,,kandatown,1,,,
gtfs:chigasakicity,茅ヶ崎市,142077,神奈川県,茅ヶ崎市,,,chigasakicity,1,,,
gtfs:kusatsucity,草津市,252069,滋賀県,草津市,,,kusatsucity,1,,,
gtfs:kusakarukotsu,草軽交通株式会社,,,,,,kusakarukotsu,1,,,
gtfs:arakawacity,荒川区,131181,東京都,荒川区,,,arakawacity,1,,,
gtfs:komonotown,菰野町,243418,三重県,菰野町,,,komonotown,1,,,
gtfs:katsushikacity,葛飾区,131229,東京都,葛飾区,,,katsushikacity,1,,,
gtfs:gamagoricity,蒲郡市,232149,愛知県,蒲郡市,,,gamagoricity,1,,,
gtfs:yomogitavillage,蓬田村,023043,青森県,蓬田村,,,yomogitavillage,1,,,
gtfs:fujiedacity,藤枝市,222143,静岡県,藤枝市,,,fujiedacity,1,,,
gtfs:namegatacity,行方市,082333,茨城県,行方市,,,namegatacity,1,,,
gtfs:nishinomiyacity,西宮市,282049,兵庫県,西宮市,,,nishinomiyacity,1,,,
gtfs:nishiocity,西尾市,232131,愛知県,西尾市,,,nishiocity,1,,,
gtfs:nishikawatown,西川町,063223,山形県,西川町,,,nishikawatown,1,,,
gtfs:nishinihonjrbus,西日本ジェイアールバス,,,,,,nishinihonjrbus,1,,,
gtfs:nishiwakicity,西脇市,282138,兵庫県,西脇市,,,nishiwakicity,1,,,
gtfs:seisan-kanko,西讃観光,,,,,,seisan-kanko,1,,,
gtfs:kanonjicity,観音寺市,372056,香川県,観音寺市,,,kanonjicity,1,,,
gtfs:suwacity,諏訪市,202061,長野県,諏訪市,,,suwacity,1,,,
gtfs:buzencity,豊前市,402141,福岡県,豊前市,,,buzencity,1,,,
gtfs:toyoyamatown,豊山町,233421,愛知県,豊山町,,,toyoyamatown,1,,,
gtfs:toyookacity,豊岡市,282090,兵庫県,豊岡市,,,toyookacity,1,,,
gtfs:toyoakecity,豊明市,232297,愛知県,豊明市,,,toyoakecity,1,,,
gtfs:toyotacity,豊田市,232114,愛知県,豊田市,,,toyotacity,1,,,
gtfs:akocity,赤穂市,282120,兵庫県,赤穂市,,,akocity,1,,,
gtfs:ashikagacity,足利市,092029,栃木県,足利市,,,ashikagacity,1,,,
gtfs:minobutown,身延町,193658,山梨県,身延町,,,minobutown,1,,,
gtfs:karuizawatown,軽井沢町,203211,長野県,軽井沢町,,,karuizawatown,1,,,
gtfs:omihachimancity,近江八幡市,252042,滋賀県,近江八幡市,,,omihachimancity,1,,,
gtfs:ongatown,遠賀町,403849,福岡県,遠賀町,,,ongatown,1,,,
gtfs:tochigi-nakagawatown,那珂川町,094111,栃木県,那珂川町,,,tochigi-nakagawatown,1,,,
gtfs:nakatown,那賀町,363685,徳島県,那賀町,,,nakatown,1,,,
gtfs:nasushiobaracity,那須塩原市,092134,栃木県,那須塩原市,,,nasushiobaracity,1,,,
gtfs:nasutown,那須町,094072,栃木県,那須町,,,nasutown,1,,,
gtfs:gujocity,郡上市,212199,岐阜県,郡上市,,,gujocity,1,,,
gtfs:nonoichicity,野々市市,172120,石川県,野々市市,,,nonoichicity,1,,,
odpt:Yagan,野岩鉄道,,,,,Yagan,,1,,,
gtfs:yasucity,野洲市,252107,滋賀県,野洲市,,,yasucity,1,,,
odpt:Choshi,銚子電鉄,,,,,Choshi,,1,,,
gtfs:kagaminotown,鏡野町,336068,岡山県,鏡野町,,,kagaminotown,1,,,
gtfs:nagakutecity,長久手市,232386,愛知県,長久手市,,,nagakutecity,1,,,
gtfs:nagaicity,長井市,062090,山形県,長井市,,,nagaicity,1,,,
gtfs:nagahamacity,長浜市,252034,滋賀県,長浜市,,,nagahamacity,1,,,
odpt:CDC,長竜航空,,,,,CDC,,1,,,
gtfs:naganocity,長野市,202011,長野県,長野市,,,naganocity,1,,,
gtfs:nagadenbus,長電バス株式会社,,,,,,nagadenbus,1,,,
gtfs:sekicity,関市,212059,岐阜県,関市,,,sekicity,1,,,
odpt:KantoRailway,関東鉄道,,,,,KantoRailway,,1,,,
gtfs:asatetu,阿佐海岸鉄道株式会社,,,,,,asatetu,1,,,
gtfs:hashikamitown,階上町,024465,青森県,階上町,,,hashikamitown,1,,,
odpt:QDA,青島航空,,,,,QDA,,1,,,
gtfs:aokivillage,青木村,203491,長野県,青木村,,,aokivillage,1,,,
gtfs:shizuokacity,静岡市,221007,静岡県,静岡市,,,shizuokacity,1,,,
gtfs:kuratetown,鞍手町,404021,福岡県,鞍手町,,,kuratetown,1,,,
gtfs:nirasakicity,韮崎市,192074,山梨県,韮崎市,,,nirasakicity,1,,,
ckan:junpuzi,順風路,,,,junpuzi,,,1,,,
gtfs:suzakicity,須坂市,202070,長野県,須坂市,,,suzakicity,1,,,
gtfs:kochi-suzakicity,須崎市,392065,高知県,須崎市,,,kochi-suzakicity,1,,,
gtfs:suetown,須恵町,403440,福岡県,須恵町,,,suetown,1,,,
gtfs:hidacity,飛騨市,212172,岐阜県,飛騨市,,,hidacity,1,,,
gtfs:iiyamacity,飯山市,202134,長野県,飯山市,,,iiyamacity,1,,,
gtfs:iijimatown,飯島町,203840,長野県,飯島町,,,iijimatown,1,,,
gtfs:hannocity,飯能市,112097,埼玉県,飯能市,,,hannocity,1,,,
gtfs:yabucity,養父市,282227,兵庫県,養父市,,,yabucity,1,,,
odpt:MIR,首都圏新都市鉄道,,,,,MIR,,1,,,
ckan:mir,首都圏新都市鉄道（つくばエクスプレス）,,,,mir,,,1,,,
gtfs:kochi-konancity,香南市,392111,高知県,香南市,,,kochi-konancity,1,,,
gtfs:katoricity,香取市,122360,千葉県,香取市,,,katoricity,1,,,
odpt:HKE,香港エクスプレス航空,,,,,HKE,,1,,,
odpt:CRK,香港航空,,,,,CRK,,1,,,
gtfs:kamicity,香美市,392120,高知県,香美市,,,kamicity,1,,,
gtfs:hyogo-kamitown,香美町,285854,兵庫県,香美町,,,hyogo-kamitown,1,,,
gtfs:takayamacity,高山市,212032,岐阜県,高山市,,,takayamacity,1,,,
gtfs:takaokacity,高岡市,162027,富山県,高岡市,,,takaokacity,1,,,
gtfs:takashimacity,高島市,252123,滋賀県,高島市,,,takashimacity,1,,,
gtfs:kochi-tobu-kotsu,高知東部交通株式会社,,,,,,kochi-tobu-kotsu,1,,,
gtfs:kochi_pref,高知県,,,,,,kochi_pref,1,,,
gtfs:kochiap,高知県航空利用促進協議会,,,,,,kochiap,1,,,
gtfs:kochi-seinan-kotsu,高知西南交通株式会社,,,,,,kochi-seinan-kotsu,1,,,
gtfs:kochi-koryo-kotsu,高知高陵交通株式会社,,,,,,kochi-koryo-kotsu,1,,,
gtfs:takasagocity,高砂市,282162,兵庫県,高砂市,,,takasagocity,1,,,
gtfs:uozucity,魚津市,162043,富山県,魚津市,,,uozucity,1,,,
gtfs:sakegawavillage,鮭川村,063665,山形県,鮭川村,,,sakegawavillage,1,,,
gtfs:tobacity,鳥羽市,242110,三重県,鳥羽市,,,tobacity,1,,,
gtfs:narutocity,鳴門市,362026,徳島県,鳴門市,,,narutocity,1,,,
gtfs:tsuruokacity,鶴岡市,062031,山形県,鶴岡市,,,tsuruokacity,1,,,
gtfs:tsurutatown,鶴田町,023841,青森県,鶴田町,,,tsurutatown,1,,,
gtfs:kagoshimacity,鹿児島市,462012,鹿児島県,鹿児島市,,,kagoshimacity,1,,,
odpt:KashimaRinkai,鹿島臨海鉄道,,,,,KashimaRinkai,,1,,,
gtfs:kanumacity,鹿沼市,092053,栃木県,鹿沼市,,,kanumacity,1,,,
gtfs:kuroishicity,黒石市,022047,青森県,黒石市,,,kuroishicity,1,,,
gtfs:kurobecity,黒部市,162078,富山県,黒部市,,,kurobecity,1,,,
gtfs:ryugasakicity,龍ケ崎市,082082,茨城県,龍ケ崎市,,,ryugasakicity,1,,,
gtfs:ryujinbus,龍神自動車株式会社,,,,,,ryujinbus,1,,,
