n02_operator,n02_line,op_kind,kind,stations,segments,status,status_after,odpt_railways,odpt_operator,gtfs_org,gtfs_name
とさでん交通,伊野線,第三セクター,軌道,34,67,ODPT外にあり,ODPT外にあり,,,tosaden-kotsu,とさでん交通株式会社
とさでん交通,後免線,第三セクター,軌道,33,65,ODPT外にあり,ODPT外にあり,,,tosaden-kotsu,とさでん交通株式会社
とさでん交通,桟橋線,第三セクター,軌道,8,15,ODPT外にあり,ODPT外にあり,,,tosaden-kotsu,とさでん交通株式会社
とさでん交通,駅前線,第三セクター,軌道,4,7,ODPT外にあり,ODPT外にあり,,,kochi-ekimae-kanko,株式会社高知駅前観光
万葉線,新湊港線,第三セクター,普通鉄道,8,15,ODPT外にあり,ODPT外にあり,,,manyosen,万葉線
万葉線,高岡軌道線,第三セクター,軌道,18,35,ODPT外にあり,ODPT外にあり,,,manyosen,万葉線
伊勢鉄道,伊勢線,第三セクター,普通鉄道,10,20,ODPT外にあり,ODPT外にあり,,,isetetu,伊勢鉄道
富山地方鉄道,呉羽線,民営鉄道,軌道,3,5,ODPT外にあり,ODPT外にあり,,,chitetsu,富山地方鉄道
富山地方鉄道,安野屋線,民営鉄道,軌道,3,5,ODPT外にあり,ODPT外にあり,,,chitetsu,富山地方鉄道
富山地方鉄道,富山港線,民営鉄道,軌道,15,29,ODPT外にあり,ODPT外にあり,,,chitetsu,富山地方鉄道
富山地方鉄道,富山都心線,民営鉄道,軌道,5,9,ODPT外にあり,ODPT外にあり,,,chitetsu,富山地方鉄道
富山地方鉄道,支線,民営鉄道,軌道,4,9,ODPT外にあり,ODPT外にあり,,,chitetsu,富山地方鉄道
山形鉄道,フラワー長井線,第三セクター,普通鉄道,17,38,ODPT外にあり,ODPT外にあり,,,yamagatatetsudo,山形鉄道株式会社
弘南鉄道,大鰐線,民営鉄道,普通鉄道,14,27,ODPT外にあり,ODPT外にあり,,,hirosakicity,弘前市
弘南鉄道,弘南線,民営鉄道,普通鉄道,13,25,ODPT外にあり,ODPT外にあり,,,hirosakicity,弘前市
明知鉄道,明知線,第三セクター,普通鉄道,11,22,ODPT外にあり,ODPT外にあり,,,aketetsu,明知鉄道
熊本市,上熊本線,公営鉄道,軌道,10,20,ODPT外にあり,ODPT外にあり,,,kumamoto-shiden,熊本市交通局
熊本市,健軍線,公営鉄道,軌道,9,17,ODPT外にあり,ODPT外にあり,,,kumamoto-shiden,熊本市交通局
熊本市,幹線,公営鉄道,軌道,10,20,ODPT外にあり,ODPT外にあり,,,kumamoto-shiden,熊本市交通局
熊本市,水前寺線,公営鉄道,軌道,7,13,ODPT外にあり,ODPT外にあり,,,kumamoto-shiden,熊本市交通局
熊本市,田崎線,公営鉄道,軌道,3,5,ODPT外にあり,ODPT外にあり,,,kumamoto-shiden,熊本市交通局
熊本電気鉄道,菊池線,民営鉄道,普通鉄道,16,32,ODPT外にあり,ODPT外にあり,,,kumamotodentetsu,熊本電鉄
熊本電気鉄道,藤崎線,民営鉄道,普通鉄道,3,6,ODPT外にあり,ODPT外にあり,,,kumamotodentetsu,熊本電鉄
阿佐海岸鉄道,阿佐東線,第三セクター,普通鉄道,4,7,ODPT外にあり,ODPT外にあり,,,asatetu,阿佐海岸鉄道株式会社
IRいしかわ鉄道,IRいしかわ鉄道線,第三セクター,普通鉄道,19,38,データなし,データなし,,,,
JR東海交通事業,城北線,民営鉄道,普通鉄道,6,14,データなし,データなし,,,,
WILLER　TRAINS,宮津線,第三セクター,普通鉄道,19,39,データなし,データなし,,,,
WILLER　TRAINS,宮福線,第三セクター,普通鉄道,14,28,データなし,データなし,,,,
あいの風とやま鉄道,あいの風とやま鉄道線,第三セクター,普通鉄道,23,56,データなし,データなし,,,,
えちごトキめき鉄道,妙高はねうまライン,第三セクター,普通鉄道,10,21,データなし,データなし,,,,
えちごトキめき鉄道,日本海ひすいライン,第三セクター,普通鉄道,13,33,データなし,データなし,,,,
えちぜん鉄道,三国芦原線,第三セクター,普通鉄道,22,43,データなし,データなし,,,,
えちぜん鉄道,勝山永平寺線,第三セクター,普通鉄道,23,46,データなし,データなし,,,,
くま川鉄道,湯前線,第三セクター,普通鉄道,14,28,データなし,データなし,,,,
こうべ未来都市機構,摩耶ケーブル線,民営鉄道,鋼索鉄道,2,3,データなし,データなし,,,,
しなの鉄道,しなの鉄道線,第三セクター,普通鉄道,19,38,データなし,データなし,,,,
しなの鉄道,北しなの線,第三セクター,普通鉄道,8,16,データなし,データなし,,,,
のと鉄道,七尾線,第三セクター,普通鉄道,8,15,データなし,データなし,,,,
アイジーアールいわて銀河鉄道,いわて銀河鉄道線,第三セクター,普通鉄道,18,65,データなし,データなし,,,,
アルピコ交通,上高地線,民営鉄道,普通鉄道,14,27,データなし,データなし,,,,
ハピラインふくい,ハピラインふくい線,第三セクター,普通鉄道,19,41,データなし,データなし,,,,
ラクテンチ,別府ラクテンチケーブル線,民営鉄道,鋼索鉄道,2,3,データなし,データなし,,,,
一畑電車,北松江線,民営鉄道,普通鉄道,22,44,データなし,データなし,,,,
一畑電車,大社線,民営鉄道,普通鉄道,5,10,データなし,データなし,,,,
一般社団法人札幌市交通事業振興公社,1条線,第三セクター,軌道,4,7,データなし,データなし,,,,
一般社団法人札幌市交通事業振興公社,山鼻線,第三セクター,軌道,12,23,データなし,データなし,,,,
一般社団法人札幌市交通事業振興公社,山鼻西線,第三セクター,軌道,9,17,データなし,データなし,,,,
一般社団法人札幌市交通事業振興公社,都心線,第三セクター,軌道,4,8,データなし,データなし,,,,
一般財団法人青函トンネル記念館,青函トンネル竜飛斜坑線,民営鉄道,鋼索鉄道,2,3,データなし,データなし,,,,
三国芦原線,えちぜん鉄道,第三セクター,普通鉄道,0,1,データなし,データなし,,,,
三岐鉄道,三岐線,民営鉄道,普通鉄道,14,28,データなし,データなし,,,,
三岐鉄道,北勢線,民営鉄道,普通鉄道,13,25,データなし,データなし,,,,
三岐鉄道,近鉄連絡線,民営鉄道,普通鉄道,1,3,データなし,データなし,,,,
三陸鉄道,リアス線,第三セクター,普通鉄道,15,30,データなし,データなし,,,,
三陸鉄道,北リアス線,第三セクター,普通鉄道,18,36,データなし,データなし,,,,
三陸鉄道,南リアス線,第三セクター,普通鉄道,10,20,データなし,データなし,,,,
上田電鉄,別所線,民営鉄道,普通鉄道,15,29,データなし,データなし,,,,
丹後海陸交通,天橋立鋼索鉄道,民営鉄道,鋼索鉄道,2,3,データなし,データなし,,,,
九州旅客鉄道,三角線,JR在来線,普通鉄道(JR),9,19,データなし,データなし,,,,
九州旅客鉄道,久大線,JR在来線,普通鉄道(JR),37,75,データなし,データなし,,,,
九州旅客鉄道,九州新幹線,JR新幹線,普通鉄道(JR),12,24,データなし,データなし,,,,
九州旅客鉄道,佐世保線,JR在来線,普通鉄道(JR),14,30,データなし,データなし,,,,
九州旅客鉄道,吉都線,JR在来線,普通鉄道(JR),17,35,データなし,データなし,,,,
九州旅客鉄道,唐津線,JR在来線,普通鉄道(JR),13,28,データなし,データなし,,,,
九州旅客鉄道,大村線,JR在来線,普通鉄道(JR),15,30,データなし,データなし,,,,
九州旅客鉄道,宮崎空港線,JR在来線,普通鉄道(JR),2,4,データなし,データなし,,,,
九州旅客鉄道,山陽線,JR在来線,普通鉄道(JR),2,3,データなし,データなし,,,,
九州旅客鉄道,後藤寺線,JR在来線,普通鉄道(JR),6,13,データなし,データなし,,,,
九州旅客鉄道,指宿枕崎線,JR在来線,普通鉄道(JR),36,72,データなし,データなし,,,,
九州旅客鉄道,日南線,JR在来線,普通鉄道(JR),28,57,データなし,データなし,,,,
九州旅客鉄道,日田彦山線,JR在来線,普通鉄道(JR),24,52,データなし,データなし,,,,
九州旅客鉄道,日豊線,JR在来線,普通鉄道(JR),112,258,データなし,データなし,,,,
九州旅客鉄道,筑肥線,JR在来線,普通鉄道(JR),31,62,データなし,データなし,,,,
九州旅客鉄道,筑豊線,JR在来線,普通鉄道(JR),26,56,データなし,データなし,,,,
九州旅客鉄道,篠栗線,JR在来線,普通鉄道(JR),11,23,データなし,データなし,,,,
九州旅客鉄道,肥薩線,JR在来線,普通鉄道(JR),28,68,データなし,データなし,,,,
九州旅客鉄道,西九州新幹線,JR新幹線,普通鉄道(JR),5,9,データなし,データなし,,,,
九州旅客鉄道,豊肥線,JR在来線,普通鉄道(JR),37,81,データなし,データなし,,,,
九州旅客鉄道,長崎線,JR在来線,普通鉄道(JR),41,97,データなし,データなし,,,,
九州旅客鉄道,香椎線,JR在来線,普通鉄道(JR),16,32,データなし,データなし,,,,
九州旅客鉄道,鹿児島線,JR在来線,普通鉄道(JR),99,233,データなし,データなし,,,,
井原鉄道,井原線,第三セクター,普通鉄道,15,31,データなし,データなし,,,,
京成電鉄,千原線,民営鉄道,普通鉄道,6,11,データなし,データなし,,,,
京福電気鉄道,北野線,民営鉄道,軌道,10,20,データなし,データなし,,,,
京福電気鉄道,嵐山本線,民営鉄道,軌道,13,26,データなし,データなし,,,,
京福電気鉄道,鋼索線,民営鉄道,鋼索鉄道,2,3,データなし,データなし,,,,
京都市,東西線,公営鉄道,普通鉄道,17,34,データなし,データなし,,,,
京都市,烏丸線,公営鉄道,普通鉄道,15,29,データなし,データなし,,,,
京阪電気鉄道,中之島線,民営鉄道,普通鉄道,5,9,データなし,データなし,,,,
京阪電気鉄道,交野線,民営鉄道,普通鉄道,8,15,データなし,データなし,,,,
京阪電気鉄道,京津線,民営鉄道,軌道,7,15,データなし,データなし,,,,
京阪電気鉄道,京阪本線,民営鉄道,普通鉄道,41,85,データなし,データなし,,,,
京阪電気鉄道,宇治線,民営鉄道,普通鉄道,8,16,データなし,データなし,,,,
京阪電気鉄道,石山坂本線,民営鉄道,軌道,21,46,データなし,データなし,,,,
京阪電気鉄道,鋼索線,民営鉄道,鋼索鉄道,2,3,データなし,データなし,,,,
京阪電気鉄道,鴨東線,民営鉄道,普通鉄道,3,5,データなし,データなし,,,,
伊予鉄道,城北線,民営鉄道,普通鉄道,9,18,データなし,データなし,,,,
伊予鉄道,城南線,民営鉄道,軌道,12,25,データなし,データなし,,,,
伊予鉄道,大手町線,民営鉄道,軌道,5,10,データなし,データなし,,,,
伊予鉄道,本町線,民営鉄道,軌道,5,9,データなし,データなし,,,,
伊予鉄道,横河原線,民営鉄道,普通鉄道,15,29,データなし,データなし,,,,
伊予鉄道,花園線,民営鉄道,軌道,2,3,データなし,データなし,,,,
伊予鉄道,連絡線,民営鉄道,軌道,2,4,データなし,データなし,,,,
伊予鉄道,郡中線,民営鉄道,普通鉄道,12,23,データなし,データなし,,,,
伊予鉄道,高浜線,民営鉄道,普通鉄道,10,21,データなし,データなし,,,,
伊賀鉄道,伊賀線,第三セクター,普通鉄道,15,29,データなし,データなし,,,,
信楽高原鐵道,信楽線,第三セクター,普通鉄道,6,12,データなし,データなし,,,,
函館市,大森線,公営鉄道,軌道,2,3,データなし,データなし,,,,
函館市,宝来・谷地頭線,公営鉄道,軌道,4,8,データなし,データなし,,,,
函館市,本線,公営鉄道,軌道,7,14,データなし,データなし,,,,
函館市,湯の川線,公営鉄道,軌道,16,31,データなし,データなし,,,,
北九州高速鉄道,小倉線,第三セクター,跨座式モノレール,13,26,データなし,データなし,,,,
北大阪急行電鉄,南北線,第三セクター,軌道,6,11,データなし,データなし,,,,
北条鉄道,北条線,第三セクター,普通鉄道,8,15,データなし,データなし,,,,
北海道旅客鉄道,函館線,JR在来線,普通鉄道(JR),84,224,データなし,データなし,,,,
北海道旅客鉄道,北海道新幹線,JR新幹線,普通鉄道(JR),4,9,データなし,データなし,,,,
北海道旅客鉄道,千歳線,JR在来線,普通鉄道(JR),15,43,データなし,データなし,,,,
北海道旅客鉄道,宗谷線,JR在来線,普通鉄道(JR),38,104,データなし,データなし,,,,
北海道旅客鉄道,室蘭線,JR在来線,普通鉄道(JR),47,114,データなし,データなし,,,,
北海道旅客鉄道,富良野線,JR在来線,普通鉄道(JR),17,34,データなし,データなし,,,,
北海道旅客鉄道,日高線,JR在来線,普通鉄道(JR),4,8,データなし,データなし,,,,
北海道旅客鉄道,札沼線,JR在来線,普通鉄道(JR),14,28,データなし,データなし,,,,
北海道旅客鉄道,根室線,JR在来線,普通鉄道(JR),51,123,データなし,データなし,,,,
北海道旅客鉄道,海峡線,JR在来線,普通鉄道(JR),2,12,データなし,データなし,,,,
北海道旅客鉄道,留萌線,JR在来線,普通鉄道(JR),5,10,データなし,データなし,,,,
北海道旅客鉄道,石勝線,JR在来線,普通鉄道(JR),7,24,データなし,データなし,,,,
北海道旅客鉄道,石北線,JR在来線,普通鉄道(JR),31,88,データなし,データなし,,,,
北海道旅客鉄道,釧網線,JR在来線,普通鉄道(JR),24,54,データなし,データなし,,,,
北陸鉄道,浅野川線,民営鉄道,普通鉄道,12,23,データなし,データなし,,,,
北陸鉄道,石川線,民営鉄道,普通鉄道,17,33,データなし,データなし,,,,
十国峠,十国鋼索線,民営鉄道,鋼索鉄道,2,3,データなし,データなし,,,,
南海電気鉄道,加太線,民営鉄道,普通鉄道,8,15,データなし,データなし,,,,
南海電気鉄道,南海本線,民営鉄道,普通鉄道,44,92,データなし,データなし,,,,
南海電気鉄道,和歌山港線,民営鉄道,普通鉄道,2,3,データなし,データなし,,,,
南海電気鉄道,多奈川線,民営鉄道,普通鉄道,4,8,データなし,データなし,,,,
南海電気鉄道,空港線,民営鉄道,普通鉄道,3,7,データなし,データなし,,,,
南海電気鉄道,鋼索線,民営鉄道,鋼索鉄道,2,3,データなし,データなし,,,,
南海電気鉄道,高師浜線,民営鉄道,普通鉄道,3,6,データなし,データなし,,,,
南海電気鉄道,高野線,民営鉄道,普通鉄道,43,88,データなし,データなし,,,,
南阿蘇鉄道,高森線,第三セクター,普通鉄道,10,19,データなし,データなし,,,,
叡山電鉄,叡山本線,民営鉄道,普通鉄道,8,16,データなし,データなし,,,,
叡山電鉄,鞍馬線,民営鉄道,普通鉄道,10,20,データなし,データなし,,,,
名古屋ガイドウェイバス,ガイドウェイバス志段味線,第三セクター,案内軌条式,9,17,データなし,データなし,,,,
名古屋市,1号線東山線,公営鉄道,普通鉄道,22,43,データなし,データなし,,,,
名古屋市,2号線名城線,公営鉄道,普通鉄道,12,23,データなし,データなし,,,,
名古屋市,2号線名港線,公営鉄道,普通鉄道,7,14,データなし,データなし,,,,
名古屋市,3号線鶴舞線,公営鉄道,普通鉄道,20,40,データなし,データなし,,,,
名古屋市,4号線名城線,公営鉄道,普通鉄道,18,36,データなし,データなし,,,,
名古屋市,6号線桜通線,公営鉄道,普通鉄道,21,41,データなし,データなし,,,,
名古屋市,上飯田線,公営鉄道,普通鉄道,2,3,データなし,データなし,,,,
名古屋臨海高速鉄道,西名古屋港線,第三セクター,普通鉄道,11,23,データなし,データなし,,,,
名古屋鉄道,三河線,民営鉄道,普通鉄道,23,47,データなし,データなし,,,,
名古屋鉄道,各務原線,民営鉄道,普通鉄道,18,35,データなし,データなし,,,,
名古屋鉄道,名古屋本線,民営鉄道,普通鉄道,60,136,データなし,データなし,,,,
名古屋鉄道,小牧線,民営鉄道,普通鉄道,14,29,データなし,データなし,,,,
名古屋鉄道,尾西線,民営鉄道,普通鉄道,22,47,データなし,データなし,,,,
名古屋鉄道,常滑線,民営鉄道,普通鉄道,23,47,データなし,データなし,,,,
名古屋鉄道,広見線,民営鉄道,普通鉄道,11,23,データなし,データなし,,,,
名古屋鉄道,河和線,民営鉄道,普通鉄道,20,41,データなし,データなし,,,,
名古屋鉄道,津島線,民営鉄道,普通鉄道,8,17,データなし,データなし,,,,
名古屋鉄道,瀬戸線,民営鉄道,普通鉄道,20,39,データなし,データなし,,,,
名古屋鉄道,犬山線,民営鉄道,普通鉄道,17,41,データなし,データなし,,,,
名古屋鉄道,知多新線,民営鉄道,普通鉄道,6,12,データなし,データなし,,,,
名古屋鉄道,空港線,民営鉄道,普通鉄道,3,5,データなし,データなし,,,,
名古屋鉄道,竹鼻線,民営鉄道,普通鉄道,9,17,データなし,データなし,,,,
名古屋鉄道,築港線,民営鉄道,普通鉄道,2,3,データなし,データなし,,,,
名古屋鉄道,羽島線,民営鉄道,普通鉄道,2,3,データなし,データなし,,,,
名古屋鉄道,蒲郡線,民営鉄道,普通鉄道,10,19,データなし,データなし,,,,
名古屋鉄道,西尾線,民営鉄道,普通鉄道,14,28,データなし,データなし,,,,
名古屋鉄道,豊川線,民営鉄道,軌道,5,10,データなし,データなし,,,,
名古屋鉄道,豊田線,民営鉄道,普通鉄道,8,16,データなし,データなし,,,,
和歌山電鐵,貴志川線,民営鉄道,普通鉄道,14,28,データなし,データなし,,,,
四国ケーブル,八栗ケーブル,民営鉄道,鋼索鉄道,2,3,データなし,データなし,,,,
四国旅客鉄道,予土線,JR在来線,普通鉄道(JR),20,41,データなし,データなし,,,,
四国旅客鉄道,内子線,JR在来線,普通鉄道(JR),4,7,データなし,データなし,,,,
四国旅客鉄道,土讃線,JR在来線,普通鉄道(JR),61,125,データなし,データなし,,,,
四国旅客鉄道,徳島線,JR在来線,普通鉄道(JR),24,49,データなし,データなし,,,,
四国旅客鉄道,牟岐線,JR在来線,普通鉄道(JR),29,57,データなし,データなし,,,,
四国旅客鉄道,高徳線,JR在来線,普通鉄道(JR),29,60,データなし,データなし,,,,
四国旅客鉄道,鳴門線,JR在来線,普通鉄道(JR),7,14,データなし,データなし,,,,
四日市あすなろう鉄道,八王子線,第三セクター,普通鉄道,2,3,データなし,データなし,,,,
四日市あすなろう鉄道,内部線,第三セクター,普通鉄道,8,16,データなし,データなし,,,,
土佐くろしお鉄道,中村線,第三セクター,普通鉄道,15,31,データなし,データなし,,,,
土佐くろしお鉄道,宿毛線,第三セクター,普通鉄道,8,15,データなし,データなし,,,,
土佐くろしお鉄道,阿佐線,第三セクター,普通鉄道,21,42,データなし,データなし,,,,
大井川鐵道,井川線,民営鉄道,普通鉄道,14,28,データなし,データなし,,,,
大井川鐵道,大井川本線,民営鉄道,普通鉄道,20,39,データなし,データなし,,,,
大山観光電鉄,大山鋼索線,民営鉄道,鋼索鉄道,3,5,データなし,データなし,,,,
大阪モノレール,国際文化公園都市モノレール線(彩都線),第三セクター,跨座式モノレール,5,10,データなし,データなし,,,,
大阪モノレール,大阪モノレール線,第三セクター,跨座式モノレール,14,28,データなし,データなし,,,,
大阪市高速電気軌道,1号線(御堂筋線),民営鉄道,軌道,20,42,データなし,データなし,,,,
大阪市高速電気軌道,2号線(谷町線),民営鉄道,軌道,26,57,データなし,データなし,,,,
大阪市高速電気軌道,3号線(四つ橋線),民営鉄道,軌道,11,23,データなし,データなし,,,,
大阪市高速電気軌道,4号線(中央線),民営鉄道,軌道,14,29,データなし,データなし,,,,
大阪市高速電気軌道,5号線(千日前線),民営鉄道,軌道,14,27,データなし,データなし,,,,
大阪市高速電気軌道,6号線(堺筋線),民営鉄道,軌道,10,19,データなし,データなし,,,,
大阪市高速電気軌道,7号線(長堀鶴見緑地線),民営鉄道,軌道,17,33,データなし,データなし,,,,
大阪市高速電気軌道,8号線(今里筋線),民営鉄道,軌道,11,21,データなし,データなし,,,,
大阪市高速電気軌道,南港ポートタウン線,民営鉄道,案内軌条式鉄道,10,19,データなし,データなし,,,,
天竜浜名湖鉄道,天竜浜名湖線,第三セクター,普通鉄道,39,79,データなし,データなし,,,,
富山地方鉄道,上滝線,民営鉄道,普通鉄道,11,22,データなし,データなし,,,,
富山地方鉄道,不二越線,民営鉄道,普通鉄道,5,10,データなし,データなし,,,,
富山地方鉄道,富山駅南北接続線,民営鉄道,軌道,1,4,データなし,データなし,,,,
富山地方鉄道,本線,民営鉄道,普通鉄道,55,112,データなし,データなし,,,,
富山地方鉄道,立山線,民営鉄道,普通鉄道,14,29,データなし,データなし,,,,
小田急箱根,鋼索線,民営鉄道,鋼索鉄道,6,11,データなし,データなし,,,,
山万,ユーカリが丘線,民営鉄道,案内軌条式鉄道,6,13,データなし,データなし,,,,
山陽電気鉄道,本線,民営鉄道,普通鉄道,43,86,データなし,データなし,,,,
山陽電気鉄道,網干線,民営鉄道,普通鉄道,7,14,データなし,データなし,,,,
岡山電気軌道,東山本線,民営鉄道,軌道,10,20,データなし,データなし,,,,
岡山電気軌道,清輝橋線,民営鉄道,軌道,7,14,データなし,データなし,,,,
岳南電車,岳南鉄道線,民営鉄道,普通鉄道,10,19,データなし,データなし,,,,
島原鉄道,島原鉄道線,民営鉄道,普通鉄道,24,48,データなし,データなし,,,,
嵯峨野観光鉄道,嵯峨野観光線,民営鉄道,普通鉄道,4,9,データなし,データなし,,,,
平成筑豊鉄道,伊田線,第三セクター,普通鉄道,15,31,データなし,データなし,,,,
平成筑豊鉄道,田川線,第三セクター,普通鉄道,17,34,データなし,データなし,,,,
平成筑豊鉄道,糸田線,第三セクター,普通鉄道,6,14,データなし,データなし,,,,
平成筑豊鉄道,門司港レトロ観光線,第三セクター,普通鉄道,4,7,データなし,データなし,,,,
広島電鉄,宇品線,民営鉄道,軌道,20,47,データなし,データなし,,,,
広島電鉄,宮島線,民営鉄道,普通鉄道,22,43,データなし,データなし,,,,
広島電鉄,本線,民営鉄道,軌道,21,45,データなし,データなし,,,,
広島電鉄,横川線,民営鉄道,軌道,5,10,データなし,データなし,,,,
広島電鉄,江波線,民営鉄道,軌道,7,13,データなし,データなし,,,,
広島電鉄,白島線,民営鉄道,軌道,6,11,データなし,データなし,,,,
広島電鉄,皆実線,民営鉄道,軌道,7,14,データなし,データなし,,,,
広島高速交通,広島新交通1号線,第三セクター,案内軌条式,22,43,データなし,データなし,,,,
御岳登山鉄道,ケーブルカー,民営鉄道,鋼索鉄道,2,3,データなし,データなし,,,,
愛知環状鉄道,愛知環状鉄道線,第三セクター,普通鉄道,23,47,データなし,データなし,,,,
愛知高速交通,東部丘陵線,第三セクター,浮上式鉄道,9,17,データなし,データなし,,,,
智頭急行,智頭線,第三セクター,普通鉄道,14,31,データなし,データなし,,,,
札幌市,南北線,公営鉄道,案内軌条式鉄道,16,32,データなし,データなし,,,,
札幌市,東西線,公営鉄道,案内軌条式鉄道,19,37,データなし,データなし,,,,
札幌市,東豊線,公営鉄道,案内軌条式鉄道,14,27,データなし,データなし,,,,
東日本旅客鉄道,横須賀線,JR在来線,普通鉄道(JR),9,23,データなし,データなし,,,,
東日本旅客鉄道,赤羽線,JR在来線,普通鉄道(JR),4,8,データなし,データなし,,,,
東海旅客鉄道,参宮線,JR在来線,普通鉄道(JR),10,23,データなし,データなし,,,,
東海旅客鉄道,名松線,JR在来線,普通鉄道(JR),15,30,データなし,データなし,,,,
東海旅客鉄道,太多線,JR在来線,普通鉄道(JR),8,17,データなし,データなし,,,,
東海旅客鉄道,武豊線,JR在来線,普通鉄道(JR),10,24,データなし,データなし,,,,
東海旅客鉄道,紀勢線,JR在来線,普通鉄道(JR),41,87,データなし,データなし,,,,
東海旅客鉄道,関西線,JR在来線,普通鉄道(JR),19,49,データなし,データなし,,,,
東海旅客鉄道,飯田線,JR在来線,普通鉄道(JR),94,194,データなし,データなし,,,,
東海旅客鉄道,高山線,JR在来線,普通鉄道(JR),36,79,データなし,データなし,,,,
松浦鉄道,西九州線,第三セクター,普通鉄道,57,115,データなし,データなし,,,,
横浜市,3号線,公営鉄道,普通鉄道,16,34,データなし,データなし,,,,
樽見鉄道,樽見線,第三セクター,普通鉄道,19,39,データなし,データなし,,,,
比叡山鉄道,比叡山鉄道線,民営鉄道,鋼索鉄道,4,7,データなし,データなし,,,,
水島臨海鉄道,水島本線,第三セクター,普通鉄道,10,19,データなし,データなし,,,,
水間鉄道,水間線,民営鉄道,普通鉄道,10,19,データなし,データなし,,,,
沖縄都市モノレール,沖縄都市モノレール線,第三セクター,跨座式モノレール,19,37,データなし,データなし,,,,
泉北高速鉄道,泉北高速鉄道線,第三セクター,普通鉄道,6,13,データなし,データなし,,,,
津軽鉄道,津軽鉄道線,民営鉄道,普通鉄道,12,23,データなし,データなし,,,,
甘木鉄道,甘木線,第三セクター,普通鉄道,11,21,データなし,データなし,,,,
由利高原鉄道,鳥海山ろく線,第三セクター,普通鉄道,12,24,データなし,データなし,,,,
皿倉登山鉄道,帆柱ケーブル線,民営鉄道,鋼索鉄道,2,3,データなし,データなし,,,,
真岡鐵道,真岡線,第三セクター,普通鉄道,17,33,データなし,データなし,,,,
神戸六甲鉄道,六甲ケーブル線,民営鉄道,鋼索鉄道,2,3,データなし,データなし,,,,
神戸市,北神線,公営鉄道,普通鉄道,2,3,データなし,データなし,,,,
神戸市,山手線,公営鉄道,普通鉄道,8,15,データなし,データなし,,,,
神戸市,海岸線,公営鉄道,普通鉄道,10,19,データなし,データなし,,,,
神戸市,西神延伸線,公営鉄道,普通鉄道,6,14,データなし,データなし,,,,
神戸市,西神線,公営鉄道,普通鉄道,4,7,データなし,データなし,,,,
神戸新交通,ポートアイランド線,第三セクター,案内軌条式,12,25,データなし,データなし,,,,
神戸新交通,六甲アイランド線,第三セクター,案内軌条式鉄道,6,13,データなし,データなし,,,,
神戸電鉄,三田線,民営鉄道,普通鉄道,10,20,データなし,データなし,,,,
神戸電鉄,公園都市線,民営鉄道,普通鉄道,4,7,データなし,データなし,,,,
神戸電鉄,有馬線,民営鉄道,普通鉄道,15,33,データなし,データなし,,,,
神戸電鉄,神戸高速線,民営鉄道,普通鉄道,2,3,データなし,データなし,,,,
神戸電鉄,粟生線,民営鉄道,普通鉄道,20,40,データなし,データなし,,,,
福井鉄道,福武線,民営鉄道,普通鉄道,25,51,データなし,データなし,,,,
福岡市,1号線(空港線),公営鉄道,普通鉄道,13,26,データなし,データなし,,,,
福岡市,2号線(箱崎線),公営鉄道,普通鉄道,7,14,データなし,データなし,,,,
福岡市,3号線(七隈線),公営鉄道,普通鉄道,18,35,データなし,データなし,,,,
福島交通,飯坂線,民営鉄道,普通鉄道,12,23,データなし,データなし,,,,
秋田内陸縦貫鉄道,秋田内陸線,第三セクター,普通鉄道,29,59,データなし,データなし,,,,
立山黒部貫光,鋼索線,民営鉄道,鋼索鉄道,4,6,データなし,データなし,,,,
筑波観光鉄道,筑波山鋼索鉄道線,民営鉄道,鋼索鉄道,2,3,データなし,データなし,,,,
筑豊電気鉄道,筑豊電気鉄道線,民営鉄道,普通鉄道,21,41,データなし,データなし,,,,
紀州鉄道,紀州鉄道線,民営鉄道,普通鉄道,5,9,データなし,データなし,,,,
肥薩おれんじ鉄道,肥薩おれんじ鉄道線,第三セクター,普通鉄道,28,56,データなし,データなし,,,,
能勢電鉄,妙見線,民営鉄道,普通鉄道,14,27,データなし,データなし,,,,
能勢電鉄,日生線,民営鉄道,普通鉄道,2,3,データなし,データなし,,,,
若桜鉄道,若桜線,第三セクター,普通鉄道,9,18,データなし,データなし,,,,
西日本旅客鉄道,JR東西線,JR在来線,普通鉄道(JR),9,20,データなし,データなし,,,,
西日本旅客鉄道,おおさか東線,JR在来線,普通鉄道(JR),14,27,データなし,データなし,,,,
西日本旅客鉄道,七尾線,JR在来線,普通鉄道(JR),20,40,データなし,データなし,,,,
西日本旅客鉄道,伯備線,JR在来線,普通鉄道(JR),28,79,データなし,データなし,,,,
西日本旅客鉄道,加古川線,JR在来線,普通鉄道(JR),21,42,データなし,データなし,,,,
西日本旅客鉄道,北陸新幹線,JR新幹線,普通鉄道(JR),12,23,データなし,データなし,,,,
西日本旅客鉄道,北陸線,JR在来線,普通鉄道(JR),14,54,データなし,データなし,,,,
西日本旅客鉄道,博多南線,JR在来線,普通鉄道(JR),2,6,データなし,データなし,,,,
西日本旅客鉄道,可部線,JR在来線,普通鉄道(JR),14,27,データなし,データなし,,,,
西日本旅客鉄道,吉備線,JR在来線,普通鉄道(JR),10,20,データなし,データなし,,,,
西日本旅客鉄道,呉線,JR在来線,普通鉄道(JR),28,59,データなし,データなし,,,,
西日本旅客鉄道,和歌山線,JR在来線,普通鉄道(JR),36,76,データなし,データなし,,,,
西日本旅客鉄道,因美線,JR在来線,普通鉄道(JR),19,41,データなし,データなし,,,,
西日本旅客鉄道,城端線,JR在来線,普通鉄道(JR),14,27,データなし,データなし,,,,
西日本旅客鉄道,境線,JR在来線,普通鉄道(JR),16,32,データなし,データなし,,,,
西日本旅客鉄道,大糸線,JR在来線,普通鉄道(JR),9,18,データなし,データなし,,,,
西日本旅客鉄道,大阪環状線,JR在来線,普通鉄道(JR),19,42,データなし,データなし,,,,
西日本旅客鉄道,奈良線,JR在来線,普通鉄道(JR),19,38,データなし,データなし,,,,
西日本旅客鉄道,姫新線,JR在来線,普通鉄道(JR),36,81,データなし,データなし,,,,
西日本旅客鉄道,宇部線,JR在来線,普通鉄道(JR),18,36,データなし,データなし,,,,
西日本旅客鉄道,宇野線,JR在来線,普通鉄道(JR),15,30,データなし,データなし,,,,
西日本旅客鉄道,小浜線,JR在来線,普通鉄道(JR),24,48,データなし,データなし,,,,
西日本旅客鉄道,小野田線,JR在来線,普通鉄道(JR),12,24,データなし,データなし,,,,
西日本旅客鉄道,山口線,JR在来線,普通鉄道(JR),28,56,データなし,データなし,,,,
西日本旅客鉄道,山陽新幹線,JR新幹線,普通鉄道(JR),20,46,データなし,データなし,,,,
西日本旅客鉄道,山陽線,JR在来線,普通鉄道(JR),131,332,データなし,データなし,,,,
西日本旅客鉄道,岩徳線,JR在来線,普通鉄道(JR),15,32,データなし,データなし,,,,
西日本旅客鉄道,播但線,JR在来線,普通鉄道(JR),18,36,データなし,データなし,,,,
西日本旅客鉄道,木次線,JR在来線,普通鉄道(JR),18,43,データなし,データなし,,,,
西日本旅客鉄道,本四備讃線,JR在来線,普通鉄道(JR),5,10,データなし,データなし,,,,
西日本旅客鉄道,東海道線,JR在来線,普通鉄道(JR),59,137,データなし,データなし,,,,
西日本旅客鉄道,桜井線,JR在来線,普通鉄道(JR),14,29,データなし,データなし,,,,
西日本旅客鉄道,桜島線,JR在来線,普通鉄道(JR),4,8,データなし,データなし,,,,
西日本旅客鉄道,氷見線,JR在来線,普通鉄道(JR),8,15,データなし,データなし,,,,
西日本旅客鉄道,津山線,JR在来線,普通鉄道(JR),17,36,データなし,データなし,,,,
西日本旅客鉄道,湖西線,JR在来線,普通鉄道(JR),21,43,データなし,データなし,,,,
西日本旅客鉄道,片町線,JR在来線,普通鉄道(JR),24,47,データなし,データなし,,,,
西日本旅客鉄道,福塩線,JR在来線,普通鉄道(JR),27,56,データなし,データなし,,,,
西日本旅客鉄道,福知山線,JR在来線,普通鉄道(JR),30,67,データなし,データなし,,,,
西日本旅客鉄道,紀勢線,JR在来線,普通鉄道(JR),56,143,データなし,データなし,,,,
西日本旅客鉄道,美祢線,JR在来線,普通鉄道(JR),12,24,データなし,データなし,,,,
西日本旅客鉄道,舞鶴線,JR在来線,普通鉄道(JR),6,14,データなし,データなし,,,,
西日本旅客鉄道,芸備線,JR在来線,普通鉄道(JR),44,93,データなし,データなし,,,,
西日本旅客鉄道,草津線,JR在来線,普通鉄道(JR),12,28,データなし,データなし,,,,
西日本旅客鉄道,赤穂線,JR在来線,普通鉄道(JR),19,39,データなし,データなし,,,,
西日本旅客鉄道,越美北線,JR在来線,普通鉄道(JR),22,44,データなし,データなし,,,,
西日本旅客鉄道,関西空港線,JR在来線,普通鉄道(JR),3,7,データなし,データなし,,,,
西日本旅客鉄道,関西線,JR在来線,普通鉄道(JR),34,84,データなし,データなし,,,,
西日本旅客鉄道,阪和線,JR在来線,普通鉄道(JR),37,76,データなし,データなし,,,,
西日本旅客鉄道,高山線,JR在来線,普通鉄道(JR),10,20,データなし,データなし,,,,
西日本鉄道,天神大牟田線,民営鉄道,普通鉄道,50,100,データなし,データなし,,,,
西日本鉄道,太宰府線,民営鉄道,普通鉄道,3,6,データなし,データなし,,,,
西日本鉄道,甘木線,民営鉄道,普通鉄道,12,23,データなし,データなし,,,,
西日本鉄道,貝塚線,民営鉄道,普通鉄道,10,19,データなし,データなし,,,,
豊橋鉄道,東田本線,民営鉄道,軌道,14,27,データなし,データなし,,,,
豊橋鉄道,渥美線,民営鉄道,普通鉄道,16,31,データなし,データなし,,,,
近江鉄道,八日市線,民営鉄道,普通鉄道,7,14,データなし,データなし,,,,
近江鉄道,多賀線,民営鉄道,普通鉄道,3,6,データなし,データなし,,,,
近江鉄道,本線,民営鉄道,普通鉄道,25,51,データなし,データなし,,,,
近畿日本鉄道,けいはんな線,民営鉄道,普通鉄道,8,18,データなし,データなし,,,,
近畿日本鉄道,京都線,民営鉄道,普通鉄道,26,52,データなし,データなし,,,,
近畿日本鉄道,信貴線,民営鉄道,普通鉄道,3,6,データなし,データなし,,,,
近畿日本鉄道,南大阪線,民営鉄道,普通鉄道,28,57,データなし,データなし,,,,
近畿日本鉄道,吉野線,民営鉄道,普通鉄道,16,33,データなし,データなし,,,,
近畿日本鉄道,名古屋線,民営鉄道,普通鉄道,44,92,データなし,データなし,,,,
近畿日本鉄道,大阪線,民営鉄道,普通鉄道,49,109,データなし,データなし,,,,
近畿日本鉄道,天理線,民営鉄道,普通鉄道,4,7,データなし,データなし,,,,
近畿日本鉄道,奈良線,民営鉄道,普通鉄道,19,41,データなし,データなし,,,,
近畿日本鉄道,山田線,民営鉄道,普通鉄道,14,28,データなし,データなし,,,,
近畿日本鉄道,御所線,民営鉄道,普通鉄道,4,8,データなし,データなし,,,,
近畿日本鉄道,志摩線,民営鉄道,普通鉄道,16,32,データなし,データなし,,,,
近畿日本鉄道,橿原線,民営鉄道,普通鉄道,17,39,データなし,データなし,,,,
近畿日本鉄道,湯の山線,民営鉄道,普通鉄道,10,19,データなし,データなし,,,,
近畿日本鉄道,生駒線,民営鉄道,普通鉄道,12,23,データなし,データなし,,,,
近畿日本鉄道,生駒鋼索線,民営鉄道,鋼索鉄道,5,9,データなし,データなし,,,,
近畿日本鉄道,田原本線,民営鉄道,普通鉄道,8,15,データなし,データなし,,,,
近畿日本鉄道,西信貴鋼索線,民営鉄道,鋼索鉄道,2,3,データなし,データなし,,,,
近畿日本鉄道,道明寺線,民営鉄道,普通鉄道,3,5,データなし,データなし,,,,
近畿日本鉄道,鈴鹿線,民営鉄道,普通鉄道,5,10,データなし,データなし,,,,
近畿日本鉄道,長野線,民営鉄道,普通鉄道,8,16,データなし,データなし,,,,
近畿日本鉄道,難波線,民営鉄道,普通鉄道,3,5,データなし,データなし,,,,
近畿日本鉄道,鳥羽線,民営鉄道,普通鉄道,5,9,データなし,データなし,,,,
道南いさりび鉄道,道南いさりび鉄道線,第三セクター,普通鉄道,12,28,データなし,データなし,,,,
遠州鉄道,鉄道線,民営鉄道,普通鉄道,18,35,データなし,データなし,,,,
錦川鉄道,錦川清流線,第三セクター,普通鉄道,13,26,データなし,データなし,,,,
長崎電気軌道,大浦支線,民営鉄道,軌道,5,10,データなし,データなし,,,,
長崎電気軌道,本線,民営鉄道,軌道,25,53,データなし,データなし,,,,
長崎電気軌道,桜町支線,民営鉄道,軌道,3,6,データなし,データなし,,,,
長崎電気軌道,蛍茶屋支線,民営鉄道,軌道,8,21,データなし,データなし,,,,
長崎電気軌道,赤迫支線,民営鉄道,軌道,2,3,データなし,データなし,,,,
長良川鉄道,越美南線,第三セクター,普通鉄道,38,76,データなし,データなし,,,,
長野電鉄,長野線,民営鉄道,普通鉄道,24,49,データなし,データなし,,,,
阪堺電気軌道,上町線,民営鉄道,軌道,10,22,データなし,データなし,,,,
阪堺電気軌道,阪堺線,民営鉄道,軌道,32,64,データなし,データなし,,,,
阪急電鉄,京都線,民営鉄道,普通鉄道,27,55,データなし,データなし,,,,
阪急電鉄,今津線,民営鉄道,普通鉄道,11,23,データなし,データなし,,,,
阪急電鉄,伊丹線,民営鉄道,普通鉄道,4,7,データなし,データなし,,,,
阪急電鉄,千里線,民営鉄道,普通鉄道,11,23,データなし,データなし,,,,
阪急電鉄,宝塚線,民営鉄道,普通鉄道,19,40,データなし,データなし,,,,
阪急電鉄,嵐山線,民営鉄道,普通鉄道,4,7,データなし,データなし,,,,
阪急電鉄,甲陽線,民営鉄道,普通鉄道,3,5,データなし,データなし,,,,
阪急電鉄,神戸線,民営鉄道,普通鉄道,17,35,データなし,データなし,,,,
阪急電鉄,神戸高速線,民営鉄道,普通鉄道,4,8,データなし,データなし,,,,
阪急電鉄,箕面線,民営鉄道,普通鉄道,4,7,データなし,データなし,,,,
阪神電気鉄道,本線,民営鉄道,普通鉄道,33,67,データなし,データなし,,,,
阪神電気鉄道,武庫川線,民営鉄道,普通鉄道,4,7,データなし,データなし,,,,
阪神電気鉄道,神戸高速線,民営鉄道,普通鉄道,7,14,データなし,データなし,,,,
阪神電気鉄道,阪神なんば線,民営鉄道,普通鉄道,12,22,データなし,データなし,,,,
阿武隈急行,阿武隈急行線,第三セクター,普通鉄道,24,53,データなし,データなし,,,,
青い森鉄道,青い森鉄道線,第三セクター,普通鉄道,27,71,データなし,データなし,,,,
静岡鉄道,静岡清水線,民営鉄道,普通鉄道,15,29,データなし,データなし,,,,
鞍馬寺,鞍馬山鋼索鉄道,民営鉄道,鋼索鉄道,2,3,データなし,データなし,,,,
養老鉄道,養老線,民営鉄道,普通鉄道,27,54,データなし,データなし,,,,
高尾登山電鉄,高尾鋼索線,民営鉄道,鋼索鉄道,2,3,データなし,データなし,,,,
高松琴平電気鉄道,志度線,民営鉄道,普通鉄道,16,31,データなし,データなし,,,,
高松琴平電気鉄道,琴平線,民営鉄道,普通鉄道,23,46,データなし,データなし,,,,
高松琴平電気鉄道,長尾線,民営鉄道,普通鉄道,16,32,データなし,データなし,,,,
鹿児島市,唐湊線,公営鉄道,軌道,10,21,データなし,データなし,,,,
鹿児島市,第一期線,公営鉄道,軌道,11,25,データなし,データなし,,,,
鹿児島市,第二期線,公営鉄道,軌道,4,7,データなし,データなし,,,,
鹿児島市,谷山線,公営鉄道,軌道,14,30,データなし,データなし,,,,
黒部峡谷鉄道,本線,民営鉄道,普通鉄道,10,19,データなし,データなし,,,,
いすみ鉄道,いすみ線,第三セクター,普通鉄道,14,28,期間限定,データなし,Isumi.Isumi,Isumi,,
ひたちなか海浜鉄道,湊線,第三セクター,普通鉄道,11,21,期間限定,データなし,Hitachinaka.Minato,Hitachinaka,,
わたらせ渓谷鐵道,わたらせ渓谷線,第三セクター,普通鉄道,17,34,期間限定,データなし,WataraseKeikoku.WataraseKeikoku,WataraseKeikoku,,
上信電鉄,上信線,民営鉄道,普通鉄道,21,41,期間限定,データなし,Joshin.Joshin,Joshin,,
上毛電気鉄道,上毛線,民営鉄道,普通鉄道,23,46,期間限定,データなし,Jomo.Jomo,Jomo,,
京成電鉄,千葉線,民営鉄道,普通鉄道,10,20,期間限定,データなし,Keisei.Chiba,Keisei,,
京成電鉄,東成田線,民営鉄道,普通鉄道,2,4,期間限定,データなし,Keisei.HigashiNarita,Keisei,,
京成電鉄,金町線,民営鉄道,普通鉄道,3,6,期間限定,データなし,Keisei.Kanamachi,Keisei,,
京浜急行電鉄,大師線,民営鉄道,普通鉄道,7,13,期間限定,データなし,Keikyu.Daishi,Keikyu,,
仙台市,南北線,公営鉄道,普通鉄道,17,33,期間限定,データなし,SendaiMunicipal.Namboku,SendaiMunicipal,,
仙台市,東西線,公営鉄道,普通鉄道,13,25,期間限定,データなし,SendaiMunicipal.Tozai,SendaiMunicipal,,
仙台空港鉄道,仙台空港線,第三セクター,普通鉄道,4,8,期間限定,データなし,SendaiAirportTransit.SendaiAirport,SendaiAirportTransit,,
伊豆急行,伊豆急行線,民営鉄道,普通鉄道,16,31,期間限定,データなし,Izukyu.Izukyu,Izukyu,,
伊豆箱根鉄道,大雄山線,民営鉄道,普通鉄道,12,23,期間限定,データなし,IzuHakone.Daiyuzan,IzuHakone,,
伊豆箱根鉄道,駿豆線,民営鉄道,普通鉄道,13,25,期間限定,データなし,IzuHakone.Sunzu,IzuHakone,,
会津鉄道,会津線,第三セクター,普通鉄道,21,41,期間限定,データなし,Aizu.Aizu,Aizu,,
北越急行,ほくほく線,第三セクター,普通鉄道,12,25,期間限定,データなし,Hokuetsu.Hokuhoku,Hokuetsu,,
千葉都市モノレール,1号線,第三セクター,懸垂式モノレール,6,12,期間限定,データなし,ChibaMonorail.Line1,ChibaMonorail,,
千葉都市モノレール,2号線,第三セクター,懸垂式モノレール,13,26,期間限定,データなし,ChibaMonorail.Line2,ChibaMonorail,,
四国旅客鉄道,予讃線,JR在来線,普通鉄道(JR),95,199,期間限定,データなし,JR-Shikoku.SetoOhashi,JR-Shikoku,,
四国旅客鉄道,本四備讃線,JR在来線,普通鉄道(JR),2,7,期間限定,データなし,JR-Shikoku.SetoOhashi,JR-Shikoku,,
埼玉新都市交通,伊奈線,第三セクター,案内軌条式鉄道,13,25,期間限定,データなし,SaitamaTransit.NewShuttle,SaitamaTransit,,
宇都宮ライトレール,宇都宮芳賀ライトレール線,第三セクター,軌道,19,37,期間限定,データなし,UtsunomiyaLightRail.UtsunomiyaLightRail,UtsunomiyaLightRail,,
富士山麓電気鉄道,大月線,民営鉄道,普通鉄道,16,32,期間限定,データなし,Fujikyu.Fujikyu,Fujikyu,,
富士山麓電気鉄道,河口湖線,民営鉄道,普通鉄道,3,6,期間限定,データなし,Fujikyu.Fujikyu,Fujikyu,,
小湊鐵道,小湊鐵道線,民営鉄道,普通鉄道,18,35,期間限定,データなし,Kominato.Kominato,Kominato,,
新京成電鉄,新京成線,民営鉄道,普通鉄道,24,48,期間限定,データなし,Keisei.Matsudo,Keisei,,
東急電鉄,こどもの国線,民営鉄道,普通鉄道,3,5,期間限定,データなし,Tokyu.Kodomonokuni,Tokyu,,
東急電鉄,世田谷線,民営鉄道,軌道,10,19,期間限定,データなし,Tokyu.Setagaya,Tokyu,,
東急電鉄,東急多摩川線,民営鉄道,普通鉄道,7,13,期間限定,データなし,Tokyu.TokyuTamagawa,Tokyu,,
東日本旅客鉄道,上越線,JR在来線,普通鉄道(JR),39,125,期間限定,データなし,JR-East.Joetsu,JR-East,,
東日本旅客鉄道,両毛線,JR在来線,普通鉄道(JR),19,41,期間限定,データなし,JR-East.Ryomo,JR-East,,
東日本旅客鉄道,久留里線,JR在来線,普通鉄道(JR),14,28,期間限定,データなし,JR-East.Kururi,JR-East,,
東日本旅客鉄道,五日市線,JR在来線,普通鉄道(JR),7,14,期間限定,データなし,JR-East.Itsukaichi,JR-East,,
東日本旅客鉄道,五能線,JR在来線,普通鉄道(JR),43,87,期間限定,データなし,JR-East.Gono,JR-East,,
東日本旅客鉄道,仙山線,JR在来線,普通鉄道(JR),18,37,期間限定,データなし,JR-East.Senzan,JR-East,,
東日本旅客鉄道,仙石線,JR在来線,普通鉄道(JR),32,65,期間限定,データなし,JR-East.Senseki|JR-East.SensekiTohoku,JR-East,,
東日本旅客鉄道,伊東線,JR在来線,普通鉄道(JR),6,11,期間限定,データなし,JR-East.Ito,JR-East,,
東日本旅客鉄道,信越線,JR在来線,普通鉄道(JR),55,140,期間限定,データなし,JR-East.Shinetsu,JR-East,,
東日本旅客鉄道,八戸線,JR在来線,普通鉄道(JR),24,50,期間限定,データなし,JR-East.Hachinohe,JR-East,,
東日本旅客鉄道,八高線,JR在来線,普通鉄道(JR),23,51,期間限定,データなし,JR-East.Hachiko,JR-East,,
東日本旅客鉄道,内房線,JR在来線,普通鉄道(JR),30,67,期間限定,データなし,JR-East.Uchibo,JR-East,,
東日本旅客鉄道,北上線,JR在来線,普通鉄道(JR),15,31,期間限定,データなし,JR-East.Kitakami,JR-East,,
東日本旅客鉄道,只見線,JR在来線,普通鉄道(JR),36,71,期間限定,データなし,JR-East.Tadami,JR-East,,
東日本旅客鉄道,吾妻線,JR在来線,普通鉄道(JR),18,36,期間限定,データなし,JR-East.Agatsuma,JR-East,,
東日本旅客鉄道,外房線,JR在来線,普通鉄道(JR),27,65,期間限定,データなし,JR-East.Sotobo,JR-East,,
東日本旅客鉄道,大湊線,JR在来線,普通鉄道(JR),11,23,期間限定,データなし,JR-East.Ominato,JR-East,,
東日本旅客鉄道,大糸線,JR在来線,普通鉄道(JR),33,68,期間限定,データなし,JR-East.Oito,JR-East,,
東日本旅客鉄道,大船渡線,JR在来線,普通鉄道(JR),14,29,期間限定,データなし,JR-East.Ofunato,JR-East,,
東日本旅客鉄道,小海線,JR在来線,普通鉄道(JR),31,62,期間限定,データなし,JR-East.Koumi,JR-East,,
東日本旅客鉄道,山田線,JR在来線,普通鉄道(JR),15,35,期間限定,データなし,JR-East.Yamada,JR-East,,
東日本旅客鉄道,川越線,JR在来線,普通鉄道(JR),11,22,期間限定,データなし,JR-East.Kawagoe,JR-East,,
東日本旅客鉄道,左沢線,JR在来線,普通鉄道(JR),11,22,期間限定,データなし,JR-East.Aterazawa,JR-East,,
東日本旅客鉄道,弥彦線,JR在来線,普通鉄道(JR),8,17,期間限定,ODPT外にあり,JR-East.Yahiko,JR-East,tsubamecity,燕市
東日本旅客鉄道,成田線,JR在来線,普通鉄道(JR),27,64,期間限定,データなし,JR-East.Narita|JR-East.NaritaAbikoBranch,JR-East,,
東日本旅客鉄道,日光線,JR在来線,普通鉄道(JR),7,15,期間限定,データなし,JR-East.Nikko,JR-East,,
東日本旅客鉄道,東金線,JR在来線,普通鉄道(JR),5,12,期間限定,データなし,JR-East.Togane,JR-East,,
東日本旅客鉄道,気仙沼線,JR在来線,普通鉄道(JR),6,12,期間限定,データなし,JR-East.Kesennuma,JR-East,,
東日本旅客鉄道,水戸線,JR在来線,普通鉄道(JR),16,32,期間限定,データなし,JR-East.Mito,JR-East,,
東日本旅客鉄道,水郡線,JR在来線,普通鉄道(JR),45,91,期間限定,データなし,JR-East.Suigun|JR-East.SuigunBranch,JR-East,,
東日本旅客鉄道,津軽線,JR在来線,普通鉄道(JR),18,39,期間限定,データなし,JR-East.Tsugaru,JR-East,,
東日本旅客鉄道,烏山線,JR在来線,普通鉄道(JR),8,16,期間限定,データなし,JR-East.Karasuyama,JR-East,,
東日本旅客鉄道,男鹿線,JR在来線,普通鉄道(JR),9,18,期間限定,データなし,JR-East.Oga,JR-East,,
東日本旅客鉄道,白新線,JR在来線,普通鉄道(JR),10,27,期間限定,データなし,JR-East.Hakushin,JR-East,,
東日本旅客鉄道,相模線,JR在来線,普通鉄道(JR),18,36,期間限定,データなし,JR-East.Sagami,JR-East,,
東日本旅客鉄道,石巻線,JR在来線,普通鉄道(JR),14,30,期間限定,データなし,JR-East.Ishinomaki,JR-East,,
東日本旅客鉄道,磐越東線,JR在来線,普通鉄道(JR),16,35,期間限定,データなし,JR-East.BanetsuEast,JR-East,,
東日本旅客鉄道,磐越西線,JR在来線,普通鉄道(JR),43,89,期間限定,データなし,JR-East.BanetsuWest,JR-East,,
東日本旅客鉄道,篠ノ井線,JR在来線,普通鉄道(JR),15,33,期間限定,データなし,JR-East.Shinonoi,JR-East,,
東日本旅客鉄道,米坂線,JR在来線,普通鉄道(JR),20,46,期間限定,データなし,JR-East.Yonesaka,JR-East,,
東日本旅客鉄道,羽越線,JR在来線,普通鉄道(JR),60,152,期間限定,データなし,JR-East.Uetsu,JR-East,,
東日本旅客鉄道,花輪線,JR在来線,普通鉄道(JR),27,57,期間限定,データなし,JR-East.Hanawa,JR-East,,
東日本旅客鉄道,越後線,JR在来線,普通鉄道(JR),32,67,期間限定,データなし,JR-East.Echigo,JR-East,,
東日本旅客鉄道,釜石線,JR在来線,普通鉄道(JR),24,49,期間限定,データなし,JR-East.Kamaishi,JR-East,,
東日本旅客鉄道,陸羽東線,JR在来線,普通鉄道(JR),27,56,期間限定,データなし,JR-East.RikuEast,JR-East,,
東日本旅客鉄道,陸羽西線,JR在来線,普通鉄道(JR),10,21,期間限定,データなし,JR-East.RikuWest,JR-East,,
東日本旅客鉄道,飯山線,JR在来線,普通鉄道(JR),31,63,期間限定,データなし,JR-East.Iiyama,JR-East,,
東日本旅客鉄道,鶴見線,JR在来線,普通鉄道(JR),14,29,期間限定,データなし,JR-East.Tsurumi|JR-East.TsurumiOkawaBranch|JR-East.TsurumiUmiShibauraBranch,JR-East,,
東日本旅客鉄道,鹿島線,JR在来線,普通鉄道(JR),6,12,期間限定,データなし,JR-East.Kashima,JR-East,,
東武鉄道,亀戸線,民営鉄道,普通鉄道,5,9,期間限定,データなし,Tobu.Kameido,Tobu,,
東武鉄道,佐野線,民営鉄道,普通鉄道,10,21,期間限定,データなし,Tobu.Sano,Tobu,,
東武鉄道,大師線,民営鉄道,普通鉄道,2,4,期間限定,データなし,Tobu.Daishi,Tobu,,
東武鉄道,宇都宮線,民営鉄道,普通鉄道,11,22,期間限定,データなし,Tobu.Utsunomiya,Tobu,,
東武鉄道,小泉線,民営鉄道,普通鉄道,9,19,期間限定,データなし,Tobu.Koizumi|Tobu.KoizumiBranch,Tobu,,
東武鉄道,桐生線,民営鉄道,普通鉄道,8,19,期間限定,データなし,Tobu.Kiryu,Tobu,,
東武鉄道,越生線,民営鉄道,普通鉄道,8,16,期間限定,データなし,Tobu.Ogose,Tobu,,
東武鉄道,鬼怒川線,民営鉄道,普通鉄道,9,18,期間限定,データなし,Tobu.Kinugawa,Tobu,,
東海旅客鉄道,中央線,JR在来線,普通鉄道(JR),40,123,期間限定,データなし,JR-Central.Chuo,JR-Central,,
東海旅客鉄道,御殿場線,JR在来線,普通鉄道(JR),20,46,期間限定,データなし,JR-Central.Gotemba,JR-Central,,
東海旅客鉄道,東海道線,JR在来線,普通鉄道(JR),89,231,期間限定,データなし,JR-Central.Tokaido,JR-Central,,
東海旅客鉄道,身延線,JR在来線,普通鉄道(JR),39,84,期間限定,データなし,JR-Central.Minobu,JR-Central,,
横浜シーサイドライン,金沢シーサイドライン,第三セクター,案内軌条式,14,27,期間限定,データなし,YokohamaSeaside.KanazawaSeaside,YokohamaSeaside,,
江ノ島電鉄,江ノ島電鉄線,民営鉄道,普通鉄道,15,29,期間限定,データなし,Enoden.Enoden,Enoden,,
流鉄,流山線,民営鉄道,普通鉄道,6,11,期間限定,データなし,Ryutetsu.Nagareyama,Ryutetsu,,
湘南モノレール,江の島線,民営鉄道,懸垂式鉄道,8,16,期間限定,データなし,ShonanMonorail.ShonanMonorail,ShonanMonorail,,
秩父鉄道,秩父本線,民営鉄道,普通鉄道,37,74,期間限定,データなし,Chichibu.Chichibu,Chichibu,,
舞浜リゾートライン,ディズニーリゾートライン,民営鉄道,跨座式鉄道,4,8,期間限定,データなし,MaihamaResort.DisneyResort,MaihamaResort,,
西日本旅客鉄道,山陰線,JR在来線,普通鉄道(JR),161,342,期間限定,データなし,JR-West.Sanin,JR-West,,
西武鉄道,国分寺線,民営鉄道,普通鉄道,5,12,期間限定,データなし,Seibu.Kokubunji,Seibu,,
西武鉄道,多摩川線,民営鉄道,普通鉄道,6,11,期間限定,データなし,Seibu.Tamagawa,Seibu,,
西武鉄道,多摩湖線,民営鉄道,普通鉄道,7,14,期間限定,データなし,Seibu.Tamako,Seibu,,
西武鉄道,山口線,民営鉄道,案内軌条式鉄道,3,5,期間限定,データなし,Seibu.Yamaguchi,Seibu,,
西武鉄道,西武園線,民営鉄道,普通鉄道,2,4,期間限定,データなし,Seibu.Seibuen,Seibu,,
野岩鉄道,会津鬼怒川線,第三セクター,普通鉄道,9,17,期間限定,データなし,Yagan.AizuKinugawa,Yagan,,
銚子電気鉄道,銚子電気鉄道線,民営鉄道,普通鉄道,10,19,期間限定,データなし,Choshi.Choshi,Choshi,,
関東鉄道,竜ヶ崎線,民営鉄道,普通鉄道,3,5,期間限定,データなし,KantoRailway.Ryugasaki,KantoRailway,,
鹿島臨海鉄道,大洗鹿島線,第三セクター,普通鉄道,15,30,期間限定,データなし,KashimaRinkai.OaraiKashima,KashimaRinkai,,
ゆりかもめ,東京臨海新交通臨海線,第三セクター,案内軌条式,16,32,通年オープン,通年オープン,Yurikamome.Yurikamome,Yurikamome,,
京成電鉄,成田空港線,民営鉄道,普通鉄道,8,22,通年オープン,通年オープン,Keisei.NaritaSkyAccess,Keisei,,
京成電鉄,押上線,民営鉄道,普通鉄道,6,12,通年オープン,通年オープン,Keisei.Oshiage,Keisei,,
京成電鉄,本線,民営鉄道,普通鉄道,42,90,通年オープン,通年オープン,JR-East.NaritaAirportBranch|Keisei.Main,JR-East,,
京浜急行電鉄,久里浜線,民営鉄道,普通鉄道,9,18,通年オープン,通年オープン,Keikyu.Kurihama,Keikyu,,
京浜急行電鉄,本線,民営鉄道,普通鉄道,50,102,通年オープン,通年オープン,Keikyu.Main,Keikyu,,
京浜急行電鉄,空港線,民営鉄道,普通鉄道,7,13,通年オープン,通年オープン,Keikyu.Airport,Keikyu,,
京浜急行電鉄,逗子線,民営鉄道,普通鉄道,4,8,通年オープン,通年オープン,Keikyu.Zushi,Keikyu,,
京王電鉄,井の頭線,民営鉄道,普通鉄道,17,33,通年オープン,通年オープン,Keio.Inokashira,Keio,,
京王電鉄,京王線,民営鉄道,普通鉄道,35,74,通年オープン,通年オープン,Keio.Keio|Keio.KeioNew,Keio,,
京王電鉄,動物園線,民営鉄道,普通鉄道,2,4,通年オープン,通年オープン,Keio.Dobutsuen,Keio,,
京王電鉄,相模原線,民営鉄道,普通鉄道,12,24,通年オープン,通年オープン,Keio.Sagamihara,Keio,,
京王電鉄,競馬場線,民営鉄道,普通鉄道,2,4,通年オープン,通年オープン,Keio.Keibajo,Keio,,
京王電鉄,高尾線,民営鉄道,普通鉄道,7,14,通年オープン,通年オープン,Keio.Takao,Keio,,
北総鉄道,北総線,第三セクター,普通鉄道,15,34,通年オープン,通年オープン,Hokuso.Hokuso,Hokuso,,
埼玉高速鉄道,埼玉高速鉄道線,第三セクター,普通鉄道,8,15,通年オープン,通年オープン,SaitamaRailway.SaitamaRailway,SaitamaRailway,,
多摩都市モノレール,多摩都市モノレール線,第三セクター,跨座式モノレール,19,37,通年オープン,通年オープン,TamaMonorail.TamaMonorail,TamaMonorail,,
小田急箱根,鉄道線,民営鉄道,普通鉄道,11,26,通年オープン,通年オープン,OdakyuHakone.HakoneTozan,OdakyuHakone,,
小田急電鉄,多摩線,民営鉄道,普通鉄道,8,16,通年オープン,通年オープン,Odakyu.Tama,Odakyu,,
小田急電鉄,小田原線,民営鉄道,普通鉄道,47,100,通年オープン,通年オープン,Odakyu.Odawara,Odakyu,,
小田急電鉄,江ノ島線,民営鉄道,普通鉄道,17,36,通年オープン,通年オープン,Odakyu.Enoshima,Odakyu,,
東京モノレール,東京モノレール羽田線,民営鉄道,跨座式鉄道,11,23,通年オープン,通年オープン,TokyoMonorail.HanedaAirport,TokyoMonorail,,
東京地下鉄,11号線半蔵門線,民営鉄道,普通鉄道,14,28,通年オープン,通年オープン,TokyoMetro.Hanzomon,TokyoMetro,,
東京地下鉄,13号線副都心線,民営鉄道,普通鉄道,11,22,通年オープン,通年オープン,TokyoMetro.Fukutoshin,TokyoMetro,,
東京地下鉄,2号線日比谷線,民営鉄道,普通鉄道,22,45,通年オープン,通年オープン,TokyoMetro.Hibiya,TokyoMetro,,
東京地下鉄,3号線銀座線,民営鉄道,普通鉄道,19,38,通年オープン,通年オープン,TokyoMetro.Ginza,TokyoMetro,,
東京地下鉄,4号線丸ノ内線,民営鉄道,普通鉄道,25,53,通年オープン,通年オープン,TokyoMetro.Marunouchi,TokyoMetro,,
東京地下鉄,4号線丸ノ内線分岐線,民営鉄道,普通鉄道,4,8,通年オープン,通年オープン,TokyoMetro.MarunouchiBranch,TokyoMetro,,
東京地下鉄,5号線東西線,民営鉄道,普通鉄道,23,48,通年オープン,通年オープン,TokyoMetro.Tozai,TokyoMetro,,
東京地下鉄,7号線南北線,民営鉄道,普通鉄道,19,38,通年オープン,通年オープン,TokyoMetro.Namboku,TokyoMetro,,
東京地下鉄,8号線有楽町線,民営鉄道,普通鉄道,24,50,通年オープン,通年オープン,TokyoMetro.Yurakucho,TokyoMetro,,
東京地下鉄,9号線千代田線,民営鉄道,普通鉄道,20,43,通年オープン,通年オープン,TokyoMetro.Chiyoda,TokyoMetro,,
東京臨海高速鉄道,臨海副都心線,第三セクター,普通鉄道,8,15,通年オープン,通年オープン,TWR.Rinkai,TWR,,
東京都,10号線新宿線,公営鉄道,普通鉄道,21,45,通年オープン,通年オープン,Toei.Shinjuku,Toei,,
東京都,12号線大江戸線,公営鉄道,普通鉄道,38,89,通年オープン,通年オープン,Toei.Oedo,Toei,,
東京都,1号線浅草線,公営鉄道,普通鉄道,20,44,通年オープン,通年オープン,Toei.Asakusa,Toei,,
東京都,6号線三田線,公営鉄道,普通鉄道,27,56,通年オープン,通年オープン,Toei.Mita,Toei,,
東京都,日暮里・舎人ライナー,公営鉄道,案内軌条式,13,25,通年オープン,通年オープン,Toei.NipporiToneri,Toei,,
東京都,荒川線,公営鉄道,軌道,30,59,通年オープン,通年オープン,Toei.Arakawa,Toei,,
東急電鉄,大井町線,民営鉄道,普通鉄道,15,30,通年オープン,通年オープン,Tokyu.Oimachi,Tokyu,,
東急電鉄,東急新横浜線,民営鉄道,普通鉄道,3,5,通年オープン,通年オープン,Tokyu.TokyuShinYokohama,Tokyu,,
東急電鉄,東横線,民営鉄道,普通鉄道,22,48,通年オープン,通年オープン,Tokyu.Toyoko,Tokyu,,
東急電鉄,池上線,民営鉄道,普通鉄道,15,29,通年オープン,通年オープン,Tokyu.Ikegami,Tokyu,,
東急電鉄,田園都市線,民営鉄道,普通鉄道,27,54,通年オープン,通年オープン,Tokyu.DenEnToshi,Tokyu,,
東急電鉄,目黒線,民営鉄道,普通鉄道,8,16,通年オープン,通年オープン,Tokyu.Meguro,Tokyu,,
東日本旅客鉄道,上越新幹線,JR新幹線,普通鉄道(JR),10,23,通年オープン,通年オープン,JR-East.JoetsuShinkansen,JR-East,,
東日本旅客鉄道,中央線,JR在来線,普通鉄道(JR),75,215,通年オープン,通年オープン,JR-East.Chuo|JR-East.ChuoRapid|JR-East.ChuoTatsunoBranch,JR-East,,
東日本旅客鉄道,京葉線,JR在来線,普通鉄道(JR),19,47,通年オープン,通年オープン,JR-East.Keiyo,JR-East,,
東日本旅客鉄道,北陸新幹線,JR新幹線,普通鉄道(JR),8,16,通年オープン,通年オープン,JR-East.HokurikuShinkansen,JR-East,,
東日本旅客鉄道,南武線,JR在来線,普通鉄道(JR),30,61,通年オープン,通年オープン,JR-East.Nambu|JR-East.NambuBranch,JR-East,,
東日本旅客鉄道,奥羽線,JR在来線,普通鉄道(JR),105,275,通年オープン,通年オープン,JR-East.AkitaShinkansen|JR-East.Ou|JR-East.OuYamagata|JR-East.YamagataShinkansen,JR-East,,
東日本旅客鉄道,山手線,JR在来線,普通鉄道(JR),20,50,通年オープン,通年オープン,JR-East.Yamanote,JR-East,,
東日本旅客鉄道,常磐線,JR在来線,普通鉄道(JR),81,183,通年オープン,通年オープン,JR-East.Joban|JR-East.JobanLocal|JR-East.JobanRapid,JR-East,,
東日本旅客鉄道,東北新幹線,JR新幹線,普通鉄道(JR),23,51,通年オープン,通年オープン,JR-East.TohokuShinkansen,JR-East,,
東日本旅客鉄道,東北線,JR在来線,普通鉄道(JR),155,400,通年オープン,通年オープン,JR-East.AkitaShinkansen|JR-East.KeihinTohokuNegishi|JR-East.SaikyoKawagoe|JR-East.SensekiTohoku|JR-East.Tohoku|JR-East.Utsunomiya|JR-East.YamagataShinkansen,JR-East,,
東日本旅客鉄道,東海道線,JR在来線,普通鉄道(JR),46,125,通年オープン,通年オープン,JR-East.KeihinTohokuNegishi|JR-East.ShonanShinjuku|JR-East.SotetsuDirect|JR-East.Tokaido|JR-East.Yokosuka,JR-East,,
東日本旅客鉄道,根岸線,JR在来線,普通鉄道(JR),12,23,通年オープン,通年オープン,JR-East.KeihinTohokuNegishi,JR-East,,
東日本旅客鉄道,横浜線,JR在来線,普通鉄道(JR),20,43,通年オープン,通年オープン,JR-East.Yokohama,JR-East,,
東日本旅客鉄道,武蔵野線,JR在来線,普通鉄道(JR),27,56,通年オープン,通年オープン,JR-East.Musashino,JR-East,,
東日本旅客鉄道,田沢湖線,JR在来線,普通鉄道(JR),18,39,通年オープン,通年オープン,JR-East.AkitaShinkansen|JR-East.Tazawako,JR-East,,
東日本旅客鉄道,総武線,JR在来線,普通鉄道(JR),48,108,通年オープン,通年オープン,JR-East.ChuoSobuLocal|JR-East.Sobu|JR-East.SobuRapid,JR-East,,
東日本旅客鉄道,青梅線,JR在来線,普通鉄道(JR),26,53,通年オープン,通年オープン,JR-East.Ome,JR-East,,
東日本旅客鉄道,高崎線,JR在来線,普通鉄道(JR),19,48,通年オープン,通年オープン,JR-East.Takasaki,JR-East,,
東武鉄道,伊勢崎線,民営鉄道,普通鉄道,55,120,通年オープン,通年オープン,Tobu.Isesaki|Tobu.TobuSkytree|Tobu.TobuSkytreeBranch,Tobu,,
東武鉄道,日光線,民営鉄道,普通鉄道,27,57,通年オープン,通年オープン,Tobu.Nikko,Tobu,,
東武鉄道,東上本線,民営鉄道,普通鉄道,39,84,通年オープン,通年オープン,Tobu.Tojo,Tobu,,
東武鉄道,野田線,民営鉄道,普通鉄道,35,75,通年オープン,通年オープン,Tobu.TobuUrbanPark,Tobu,,
東海旅客鉄道,東海道新幹線,JR新幹線,普通鉄道(JR),18,44,通年オープン,通年オープン,JR-Central.TokaidoShinkansen,JR-Central,,
東葉高速鉄道,東葉高速線,第三セクター,普通鉄道,9,17,通年オープン,通年オープン,ToyoRapid.ToyoRapid,ToyoRapid,,
横浜市,1号線,公営鉄道,普通鉄道,17,34,通年オープン,通年オープン,YokohamaMunicipal.Blue,YokohamaMunicipal,,
横浜市,4号線,公営鉄道,普通鉄道,10,19,通年オープン,通年オープン,YokohamaMunicipal.Green,YokohamaMunicipal,,
横浜高速鉄道,みなとみらい21線,第三セクター,普通鉄道,6,11,通年オープン,通年オープン,Minatomirai.Minatomirai,Minatomirai,,
相模鉄道,相鉄いずみ野線,民営鉄道,普通鉄道,8,17,通年オープン,通年オープン,Sotetsu.Izumino,Sotetsu,,
相模鉄道,相鉄新横浜線,民営鉄道,普通鉄道,3,5,通年オープン,通年オープン,Sotetsu.SotetsuShinYokohama,Sotetsu,,
相模鉄道,相鉄本線,民営鉄道,普通鉄道,18,36,通年オープン,通年オープン,Sotetsu.Main,Sotetsu,,
芝山鉄道,芝山鉄道線,第三セクター,普通鉄道,2,3,通年オープン,通年オープン,Shibayama.Shibayama,Shibayama,,
西武鉄道,拝島線,民営鉄道,普通鉄道,8,19,通年オープン,通年オープン,Seibu.Haijima,Seibu,,
西武鉄道,新宿線,民営鉄道,普通鉄道,29,60,通年オープン,通年オープン,Seibu.Shinjuku,Seibu,,
西武鉄道,池袋線,民営鉄道,普通鉄道,31,64,通年オープン,通年オープン,Seibu.Ikebukuro,Seibu,,
西武鉄道,狭山線,民営鉄道,普通鉄道,3,5,通年オープン,通年オープン,Seibu.Sayama,Seibu,,
西武鉄道,西武有楽町線,民営鉄道,普通鉄道,3,7,通年オープン,通年オープン,Seibu.SeibuYurakucho,Seibu,,
西武鉄道,西武秩父線,民営鉄道,普通鉄道,6,13,通年オープン,通年オープン,Seibu.SeibuChichibu,Seibu,,
西武鉄道,豊島線,民営鉄道,普通鉄道,2,4,通年オープン,通年オープン,Seibu.Toshima,Seibu,,
関東鉄道,常総線,民営鉄道,普通鉄道,25,49,通年オープン,通年オープン,KantoRailway.Joso,KantoRailway,,
首都圏新都市鉄道,常磐新線,第三セクター,普通鉄道,20,40,通年オープン,通年オープン,MIR.TsukubaExpress,MIR,,
