pref_code,pref,pop_2020,rail_odpt,rail_temp,rail_outside,rail_none,bus_odpt,bus_temp,bus_outside,bus_none,air_odpt,air_temp,air_outside,air_none,cycle_odpt,cycle_temp,cycle_outside,cycle_none,ferry_odpt,ferry_temp,ferry_outside,ferry_none,demand_odpt,demand_temp,demand_outside,demand_none,hokonavi,plateau,transfer,odpt_transfer,odpt_any,temp_only_rail,temp_only_bus
1,北海道,5216616,0,0,0,26,736,0,273,13465,0,0,0,17,108,0,0,0,5,0,0,0,0,0,134,0,0,3,0,0,1,0,0
2,青森県,1242667,2,4,2,6,613,0,2173,2299,0,0,0,2,1,0,0,0,0,0,0,0,0,0,588,0,0,2,1,1,1,0,0
3,岩手県,1220191,3,6,0,4,0,0,1064,5534,0,0,0,1,9,0,0,0,0,0,0,0,0,0,0,0,0,2,1,0,1,0,0
4,宮城県,2292327,3,9,0,1,1295,0,157,4228,0,0,0,1,183,0,0,0,2,0,0,0,0,0,0,0,0,1,1,1,1,0,0
5,秋田県,962071,2,5,0,2,368,0,572,3965,0,0,0,2,0,0,0,0,1,0,0,0,0,0,0,0,0,1,1,1,1,0,0
6,山形県,1057163,1,6,1,0,1,0,2535,317,0,0,0,2,0,0,0,0,1,0,0,0,0,0,0,0,0,0,1,1,1,0,0
7,福島県,1831608,4,6,0,2,0,0,795,4800,0,0,0,1,0,0,0,0,0,0,0,0,0,0,0,0,1,6,1,0,1,0,0
8,茨城県,2826207,5,7,0,2,88,0,602,6914,0,0,0,1,107,0,0,0,0,0,0,0,0,0,0,0,0,3,1,1,1,0,0
9,栃木県,1963757,4,10,0,1,5,0,962,2811,0,0,0,0,20,0,0,0,0,0,0,0,0,0,0,0,0,1,1,1,1,0,0
10,群馬県,1923332,5,11,0,0,3266,0,294,1578,0,0,0,0,1,0,0,0,0,0,0,0,139,0,0,0,0,3,1,1,1,0,0
11,埼玉県,7293369,16,6,0,0,1558,1910,491,6029,0,0,0,0,2426,0,0,0,0,0,0,0,0,0,285,0,0,49,1,1,1,0,0
12,千葉県,6206041,13,16,0,2,175,0,1024,9819,1,0,0,0,1625,0,0,0,1,0,0,0,0,0,0,0,0,6,1,1,1,0,0
13,東京都,13734892,61,12,0,3,9797,376,147,2069,1,0,0,6,5853,0,0,0,10,0,0,0,0,0,117,0,18,63,1,1,1,0,0
14,神奈川県,9103463,24,9,0,4,4691,0,287,5728,0,0,0,0,2897,0,0,0,2,0,0,0,0,0,0,0,6,8,1,1,1,0,0
15,新潟県,2232080,2,11,0,6,221,0,668,7764,0,0,0,2,53,0,0,0,0,0,0,0,0,0,0,0,0,6,1,1,1,0,0
16,富山県,1031555,0,0,7,13,1,0,2430,457,0,0,0,1,0,0,25,0,0,0,0,0,0,0,0,0,0,3,1,0,1,0,0
17,石川県,1135578,0,0,0,8,10,0,790,3254,0,0,0,2,162,0,0,0,0,0,0,0,0,0,0,0,0,2,0,0,1,0,0
18,福井県,763272,0,0,0,9,1098,0,0,2497,0,0,0,1,54,0,0,0,0,0,0,0,0,0,0,0,1,0,0,0,1,0,0
19,山梨県,803892,1,4,0,0,42,0,449,2710,0,0,0,0,35,0,0,0,0,0,0,0,0,0,0,0,0,1,1,1,1,0,0
20,長野県,2024241,2,6,0,8,114,0,4895,3481,0,0,0,1,125,0,0,0,0,0,0,0,0,0,931,0,0,9,1,1,1,0,0
21,岐阜県,1971990,1,2,1,11,0,0,4866,1455,0,0,0,0,49,0,0,0,0,0,0,0,0,0,0,0,0,3,1,0,1,0,0
22,静岡県,3619300,2,6,0,8,737,0,832,7276,0,0,0,1,374,0,0,0,11,0,0,0,0,0,0,0,0,35,1,1,1,0,0
23,愛知県,7508355,1,2,0,36,17,0,3571,5533,0,0,0,2,1025,0,0,0,0,0,9,0,0,0,0,0,0,9,1,1,1,0,0
24,三重県,1767767,0,0,1,20,0,0,4998,572,0,0,0,0,27,0,0,0,0,0,0,0,0,0,0,0,0,3,1,0,0,0,0
25,滋賀県,1416548,1,1,0,11,16,0,1709,1912,0,0,0,0,5,0,0,0,0,0,0,0,0,0,0,0,0,2,1,1,1,0,0
26,京都府,2576391,1,1,0,28,1408,0,0,3277,0,0,0,0,711,0,0,0,0,0,0,0,0,0,0,0,0,3,1,1,1,0,0
27,大阪府,8720584,1,0,0,51,8,0,4,5546,0,0,0,2,2836,0,0,0,3,0,0,0,0,0,0,0,3,14,1,1,1,0,0
28,兵庫県,5435706,0,1,0,40,0,0,3130,7246,0,0,0,3,586,0,0,0,2,0,2,0,0,0,0,0,1,5,0,0,0,1,0
29,奈良県,1320485,0,0,0,15,2,0,216,2660,0,0,0,0,259,0,0,0,0,0,0,0,0,0,0,0,0,2,0,0,1,0,0
30,和歌山県,926829,0,0,0,12,0,0,1797,1314,0,0,0,1,25,0,0,0,0,0,0,0,0,0,0,0,0,3,0,0,0,0,0
31,鳥取県,553971,0,1,0,5,3,0,2,2365,0,0,0,3,25,0,0,0,0,0,0,0,0,0,0,0,0,4,0,0,1,1,0
32,島根県,671271,0,1,0,4,652,0,56,3736,0,0,0,3,21,0,0,0,0,0,0,0,0,0,109,0,0,3,0,0,1,1,0
33,岡山県,1895485,0,1,0,16,1142,0,977,3560,0,0,0,2,104,0,0,0,0,0,0,0,0,0,0,0,0,5,0,0,1,1,0
34,広島県,2823419,0,0,0,16,3,0,64,9011,0,0,0,1,228,0,0,0,10,0,0,0,0,0,0,0,0,7,0,0,1,0,0
35,山口県,1349052,0,1,0,9,386,0,0,4032,0,0,0,2,0,0,0,0,1,0,0,0,0,0,0,0,0,1,0,0,1,1,0
36,徳島県,693754,0,0,1,5,0,0,1875,301,0,0,0,1,0,0,0,0,0,0,6,0,0,0,0,0,0,2,1,0,0,0,0
37,香川県,979323,0,2,0,7,510,0,533,1016,0,0,0,1,127,0,0,0,0,0,0,0,0,0,0,0,1,2,0,0,1,1,0
38,愛媛県,1324884,0,1,0,11,2,0,3,2706,0,0,0,1,49,0,0,0,3,0,1,0,0,0,0,0,0,3,0,0,1,1,0
39,高知県,690976,0,0,5,5,187,0,3515,145,0,0,0,1,0,0,0,0,0,0,5,0,0,0,174,0,0,4,1,0,1,0,0
40,福岡県,5094409,0,0,0,28,0,0,2290,6200,0,0,0,6,52,0,0,0,3,0,4,0,0,0,241,0,0,9,0,0,0,0,0
41,佐賀県,818374,0,0,0,10,0,0,122,2958,0,0,0,1,0,0,0,0,0,0,0,0,0,0,0,0,0,6,0,0,0,0,0
42,長崎県,1318210,0,0,0,11,1,0,112,5080,0,0,0,6,0,0,0,0,1,0,0,0,0,0,0,0,0,3,0,0,1,0,0
43,熊本県,1743836,0,0,7,8,0,0,4386,829,0,0,0,5,10,0,0,0,2,0,0,0,0,0,0,0,0,5,1,0,0,0,0
44,大分県,1128121,0,0,0,5,0,0,561,6403,0,0,0,2,109,0,0,0,4,0,0,0,0,0,0,0,0,2,0,0,0,0,0
45,宮崎県,1064787,0,0,0,5,1,0,7,4057,0,0,0,1,122,0,0,0,3,0,0,0,0,0,0,0,0,1,0,0,1,0,0
46,鹿児島県,1583834,0,0,0,12,18,0,1192,7848,0,0,0,8,31,0,0,0,13,0,0,0,0,0,0,0,0,1,0,0,1,0,0
47,沖縄県,1457685,0,0,0,1,1,0,163,2710,0,0,0,11,315,0,0,0,2,0,0,0,0,0,0,0,0,1,0,0,1,0,0
